TransactionID,CustomerID,ProductID,TransactionDate,Quantity,TotalValue,Price,TransactionCurrency,ConvertedCurrency,ConvertedAmount
T00001,C0199,P067,2024-08-25T12:38:23.000Z,1,300.68,300.68,JPY,SGD,2.71
T00002,C0092,P034,2024-12-16T03:31:07.000Z,2,434.1,217.05,USD,SGD,564.33
T00003,C0028,P057,2024-01-25T14:28:34.000Z,4,958.8,239.7,USD,SGD,1246.44
T00004,C0004,P049,2024-07-19T10:56:13.000Z,4,591.8,147.95,JPY,SGD,5.33
T00005,C0150,P087,2024-05-25T17:44:48.000Z,2,580.34,290.17,JPY,SGD,5.22
T00006,C0076,P053,2024-12-01T20:44:37.000Z,3,824.82,274.94,USD,SGD,1072.27
T00007,C0173,P023,2024-05-06T18:05:22.000Z,4,1818.12,454.53,JPY,SGD,16.36
T00008,C0067,P069,2024-10-17T00:45:17.000Z,1,100.81,100.81,JPY,SGD,0.91
T00009,C0086,P095,2024-04-06T03:41:22.000Z,4,909.04,227.26,USD,SGD,1181.75
T00010,C0194,P053,2024-03-14T11:55:39.000Z,1,274.94,274.94,USD,SGD,357.42
T00011,C0162,P062,2024-04-03T03:46:50.000Z,1,374.16,374.16,JPY,SGD,3.37
T00012,C0091,P041,2024-03-29T01:28:17.000Z,4,1825.12,456.28,JPY,SGD,16.43
T00013,C0183,P057,2024-03-04T22:09:57.000Z,4,958.8,239.7,JPY,SGD,8.63
T00014,C0105,P060,2024-08-05T07:35:43.000Z,1,155.65,155.65,USD,SGD,202.35
T00015,C0001,P054,2024-01-19T03:12:55.000Z,2,114.6,57.3,USD,SGD,148.98
T00016,C0072,P070,2024-07-05T23:04:17.000Z,2,97.38,48.69,USD,SGD,126.59
T00017,C0087,P057,2024-05-09T03:52:43.000Z,4,958.8,239.7,USD,SGD,1246.44
T00018,C0166,P010,2024-09-21T22:21:26.000Z,3,1050.39,350.13,JPY,SGD,9.45
T00019,C0006,P040,2024-06-05T01:19:28.000Z,2,306.38,153.19,JPY,SGD,2.76
T00020,C0153,P007,2024-07-16T22:33:47.000Z,4,1680.6,420.15,USD,SGD,2184.78
T00021,C0145,P038,2024-01-11T09:47:21.000Z,2,294.44,147.22,JPY,SGD,2.65
T00022,C0061,P085,2024-08-19T08:16:57.000Z,3,1249.05,416.35,USD,SGD,1623.77
T00023,C0012,P061,2024-06-18T10:55:39.000Z,4,627.84,156.96,JPY,SGD,5.65
T00024,C0006,P084,2024-06-13T10:35:07.000Z,3,1013.73,337.91,JPY,SGD,9.12
T00025,C0027,P003,2024-10-11T21:32:34.000Z,4,176.48,44.12,JPY,SGD,1.59
T00026,C0136,P051,2024-02-01T08:58:02.000Z,3,195.48,65.16,USD,SGD,254.12
T00027,C0124,P086,2024-03-30T21:17:42.000Z,2,881.4,440.7,JPY,SGD,7.93
T00028,C0106,P047,2024-11-27T05:40:32.000Z,2,318.66,159.33,USD,SGD,414.26
T00029,C0193,P068,2024-02-12T03:10:36.000Z,3,1341.69,447.23,JPY,SGD,12.08
T00030,C0185,P092,2024-08-20T05:30:54.000Z,3,1167.6,389.2,USD,SGD,1517.88
T00031,C0093,P076,2024-08-31T18:20:26.000Z,3,1287.87,429.29,USD,SGD,1674.23
T00032,C0109,P038,2024-11-07T01:47:33.000Z,4,588.88,147.22,USD,SGD,765.54
T00033,C0099,P036,2024-12-17T22:52:47.000Z,2,745.1,372.55,USD,SGD,968.63
T00034,C0168,P041,2024-01-09T11:00:50.000Z,4,1825.12,456.28,JPY,SGD,16.43
T00035,C0142,P069,2024-08-20T15:26:04.000Z,2,201.62,100.81,JPY,SGD,1.81
T00036,C0035,P013,2024-01-17T12:40:30.000Z,1,114.2,114.2,JPY,SGD,1.03
T00037,C0176,P087,2024-03-09T04:58:40.000Z,4,1160.68,290.17,JPY,SGD,10.45
T00038,C0084,P058,2024-09-05T08:46:22.000Z,2,315.24,157.62,JPY,SGD,2.84
T00039,C0056,P050,2024-10-16T01:04:33.000Z,2,875.3,437.65,JPY,SGD,7.88
T00040,C0177,P030,2024-06-27T19:13:16.000Z,4,1111.44,277.86,USD,SGD,1444.87
T00041,C0141,P062,2024-02-13T23:56:36.000Z,4,1496.64,374.16,JPY,SGD,13.47
T00042,C0189,P025,2024-12-21T02:16:46.000Z,2,569.24,284.62,JPY,SGD,5.12
T00043,C0049,P027,2024-03-02T16:59:31.000Z,4,916.24,229.06,JPY,SGD,8.25
T00044,C0046,P051,2024-03-09T09:06:10.000Z,3,195.48,65.16,USD,SGD,254.12
T00045,C0113,P078,2024-07-09T02:53:14.000Z,4,164.72,41.18,USD,SGD,214.14
T00046,C0190,P057,2024-07-28T06:29:59.000Z,4,958.8,239.7,USD,SGD,1246.44
T00047,C0136,P047,2024-04-23T17:09:27.000Z,4,637.32,159.33,JPY,SGD,5.74
T00048,C0043,P100,2024-04-23T22:46:40.000Z,2,252.68,126.34,JPY,SGD,2.27
T00049,C0148,P039,2024-06-23T14:05:49.000Z,3,1291.77,430.59,USD,SGD,1679.3
T00050,C0124,P016,2024-10-07T07:58:38.000Z,1,330.05,330.05,JPY,SGD,2.97
T00051,C0097,P022,2024-03-23T05:58:54.000Z,1,137.54,137.54,JPY,SGD,1.24
T00052,C0090,P085,2024-02-25T18:56:28.000Z,3,1249.05,416.35,JPY,SGD,11.24
T00053,C0039,P054,2024-09-30T14:42:16.000Z,3,171.9,57.3,USD,SGD,223.47
T00054,C0085,P021,2024-02-05T07:45:31.000Z,3,1007.52,335.84,JPY,SGD,9.07
T00055,C0177,P072,2024-06-12T20:54:36.000Z,2,798.68,399.34,JPY,SGD,7.19
T00056,C0192,P016,2024-02-07T14:37:55.000Z,1,330.05,330.05,JPY,SGD,2.97
T00057,C0062,P059,2024-07-03T07:10:58.000Z,3,909.6,303.2,JPY,SGD,8.19
T00058,C0106,P031,2024-09-18T09:38:21.000Z,2,392.8,196.4,JPY,SGD,3.54
T00059,C0107,P042,2024-06-29T13:17:07.000Z,1,379.44,379.44,USD,SGD,493.27
T00060,C0054,P074,2024-05-06T13:06:06.000Z,4,1182.32,295.58,JPY,SGD,10.64
T00061,C0126,P032,2024-01-16T00:42:19.000Z,2,977.26,488.63,USD,SGD,1270.44
T00062,C0009,P059,2024-10-12T06:41:00.000Z,1,303.2,303.2,USD,SGD,394.16
T00063,C0088,P034,2024-06-19T07:16:55.000Z,2,434.1,217.05,USD,SGD,564.33
T00064,C0037,P009,2024-09-15T03:50:57.000Z,1,325.01,325.01,USD,SGD,422.51
T00065,C0049,P081,2024-02-01T19:05:13.000Z,1,66.32,66.32,JPY,SGD,0.6
T00066,C0041,P011,2024-01-21T22:41:36.000Z,4,1044.8,261.2,USD,SGD,1358.24
T00067,C0017,P096,2024-03-31T19:29:30.000Z,2,614.94,307.47,USD,SGD,799.42
T00068,C0088,P010,2024-09-22T23:11:50.000Z,3,1050.39,350.13,USD,SGD,1365.51
T00069,C0021,P086,2024-01-13T00:48:20.000Z,4,1762.8,440.7,USD,SGD,2291.64
T00070,C0051,P017,2024-12-11T13:46:30.000Z,4,1879.08,469.77,JPY,SGD,16.91
T00071,C0059,P068,2024-10-24T00:10:41.000Z,1,447.23,447.23,USD,SGD,581.4
T00072,C0167,P048,2024-05-23T19:17:40.000Z,3,1249.2,416.4,JPY,SGD,11.24
T00073,C0183,P052,2024-11-13T14:33:38.000Z,2,709.62,354.81,USD,SGD,922.51
T00074,C0041,P025,2024-03-10T02:20:47.000Z,3,853.86,284.62,USD,SGD,1110.02
T00075,C0039,P021,2024-10-27T13:50:07.000Z,3,1007.52,335.84,USD,SGD,1309.78
T00076,C0141,P065,2024-09-23T20:32:31.000Z,3,1282.83,427.61,JPY,SGD,11.55
T00077,C0192,P063,2024-06-15T17:12:53.000Z,3,100.77,33.59,JPY,SGD,0.91
T00078,C0011,P089,2024-03-23T02:59:36.000Z,3,662.73,220.91,USD,SGD,861.55
T00079,C0147,P051,2024-05-09T16:33:17.000Z,1,65.16,65.16,USD,SGD,84.71
T00080,C0139,P036,2024-04-09T07:47:04.000Z,1,372.55,372.55,USD,SGD,484.32
T00081,C0077,P081,2024-11-02T19:35:08.000Z,4,265.28,66.32,USD,SGD,344.86
T00082,C0127,P088,2024-08-25T05:43:29.000Z,1,263.55,263.55,JPY,SGD,2.37
T00083,C0046,P066,2024-04-08T10:34:10.000Z,4,1348.88,337.22,USD,SGD,1753.54
T00084,C0045,P015,2024-08-02T13:45:45.000Z,4,635.72,158.93,JPY,SGD,5.72
T00085,C0001,P096,2024-04-08T00:01:00.000Z,2,614.94,307.47,USD,SGD,799.42
T00086,C0168,P039,2024-07-14T14:57:44.000Z,3,1291.77,430.59,JPY,SGD,11.63
T00087,C0108,P070,2024-02-16T19:58:26.000Z,1,48.69,48.69,JPY,SGD,0.44
T00088,C0019,P001,2024-01-30T17:23:03.000Z,2,338.6,169.3,JPY,SGD,3.05
T00089,C0076,P023,2024-06-19T23:01:44.000Z,1,454.53,454.53,USD,SGD,590.89
T00090,C0072,P039,2024-03-10T16:04:33.000Z,4,1722.36,430.59,USD,SGD,2239.07
T00091,C0200,P057,2024-04-27T19:06:20.000Z,1,239.7,239.7,USD,SGD,311.61
T00092,C0189,P081,2024-04-15T01:10:23.000Z,3,198.96,66.32,USD,SGD,258.65
T00093,C0109,P034,2024-08-11T04:10:13.000Z,4,868.2,217.05,JPY,SGD,7.81
T00094,C0012,P041,2024-07-14T19:37:54.000Z,4,1825.12,456.28,JPY,SGD,16.43
T00095,C0189,P093,2024-09-13T18:57:35.000Z,2,609.88,304.94,USD,SGD,792.84
T00096,C0161,P073,2024-03-23T00:07:54.000Z,3,80.97,26.99,USD,SGD,105.26
T00097,C0045,P013,2024-06-08T14:47:32.000Z,4,456.8,114.2,USD,SGD,593.84
T00098,C0090,P070,2024-08-28T02:11:58.000Z,3,146.07,48.69,USD,SGD,189.89
T00099,C0103,P006,2024-09-30T23:30:02.000Z,1,121.32,121.32,JPY,SGD,1.09
T00100,C0197,P084,2024-05-08T15:48:20.000Z,3,1013.73,337.91,USD,SGD,1317.85
T00101,C0008,P052,2024-09-16T22:10:13.000Z,4,1419.24,354.81,USD,SGD,1845.01
T00102,C0153,P003,2024-07-20T16:04:49.000Z,2,88.24,44.12,JPY,SGD,0.79
T00103,C0091,P081,2024-08-13T03:22:31.000Z,4,265.28,66.32,JPY,SGD,2.39
T00104,C0174,P063,2024-01-12T03:22:30.000Z,3,100.77,33.59,USD,SGD,131.0
T00105,C0087,P049,2024-02-12T08:14:34.000Z,3,443.85,147.95,USD,SGD,577.0
T00106,C0158,P076,2024-09-12T09:25:47.000Z,4,1717.16,429.29,USD,SGD,2232.31
T00107,C0175,P047,2024-09-25T20:31:49.000Z,3,477.99,159.33,USD,SGD,621.39
T00108,C0177,P055,2024-11-04T03:30:07.000Z,1,128.53,128.53,USD,SGD,167.09
T00109,C0175,P064,2024-11-20T09:53:42.000Z,4,1809.68,452.42,USD,SGD,2352.58
T00110,C0084,P065,2024-08-13T10:30:05.000Z,2,855.22,427.61,USD,SGD,1111.79
T00111,C0082,P081,2024-09-16T22:57:51.000Z,4,265.28,66.32,JPY,SGD,2.39
T00112,C0146,P067,2024-05-27T22:23:54.000Z,1,300.68,300.68,USD,SGD,390.88
T00113,C0194,P090,2024-08-26T15:16:49.000Z,1,165.3,165.3,USD,SGD,214.89
T00114,C0068,P015,2024-05-28T18:07:55.000Z,1,158.93,158.93,USD,SGD,206.61
T00115,C0161,P100,2024-03-10T02:22:50.000Z,1,126.34,126.34,JPY,SGD,1.14
T00116,C0127,P032,2024-08-15T21:51:12.000Z,1,488.63,488.63,USD,SGD,635.22
T00117,C0164,P096,2024-03-25T07:41:04.000Z,2,614.94,307.47,USD,SGD,799.42
T00118,C0082,P068,2024-11-30T07:11:48.000Z,3,1341.69,447.23,USD,SGD,1744.2
T00119,C0147,P018,2024-03-13T02:57:13.000Z,1,436.89,436.89,JPY,SGD,3.93
T00120,C0156,P083,2024-02-27T16:09:00.000Z,1,455.72,455.72,USD,SGD,592.44
T00121,C0168,P043,2024-10-23T06:09:51.000Z,4,1617.6,404.4,JPY,SGD,14.56
T00122,C0084,P035,2024-09-12T13:59:35.000Z,2,61.18,30.59,USD,SGD,79.53
T00123,C0113,P078,2024-07-25T17:05:14.000Z,2,82.36,41.18,USD,SGD,107.07
T00124,C0076,P058,2024-02-07T01:32:26.000Z,3,472.86,157.62,JPY,SGD,4.26
T00125,C0122,P033,2024-01-26T05:19:40.000Z,2,128.5,64.25,USD,SGD,167.05
T00126,C0143,P014,2024-12-05T07:49:45.000Z,4,105.04,26.26,JPY,SGD,0.95
T00127,C0041,P034,2024-06-03T21:07:56.000Z,4,868.2,217.05,USD,SGD,1128.66
T00128,C0167,P061,2024-10-01T14:05:25.000Z,3,470.88,156.96,USD,SGD,612.14
T00129,C0002,P004,2024-06-11T23:59:08.000Z,4,382.76,95.69,JPY,SGD,3.44
T00130,C0191,P088,2024-08-15T13:06:00.000Z,1,263.55,263.55,JPY,SGD,2.37
T00131,C0029,P059,2024-06-13T02:56:04.000Z,1,303.2,303.2,JPY,SGD,2.73
T00132,C0105,P029,2024-09-03T19:50:06.000Z,4,1734.56,433.64,USD,SGD,2254.93
T00133,C0194,P083,2024-09-26T23:48:07.000Z,3,1367.16,455.72,USD,SGD,1777.31
T00134,C0051,P006,2024-01-03T04:06:49.000Z,2,242.64,121.32,JPY,SGD,2.18
T00135,C0075,P097,2024-04-29T19:03:50.000Z,3,958.02,319.34,JPY,SGD,8.62
T00136,C0010,P049,2024-02-22T18:44:05.000Z,2,295.9,147.95,USD,SGD,384.67
T00137,C0142,P040,2024-04-03T12:44:52.000Z,4,612.76,153.19,JPY,SGD,5.51
T00138,C0051,P083,2024-04-26T22:10:35.000Z,4,1822.88,455.72,JPY,SGD,16.41
T00139,C0118,P065,2024-04-13T02:29:41.000Z,1,427.61,427.61,USD,SGD,555.89
T00140,C0121,P069,2024-03-18T09:16:33.000Z,2,201.62,100.81,USD,SGD,262.11
T00141,C0039,P027,2024-07-08T19:55:52.000Z,3,687.18,229.06,JPY,SGD,6.18
T00142,C0028,P080,2024-08-04T12:38:25.000Z,4,1214.0,303.5,JPY,SGD,10.93
T00143,C0003,P006,2024-06-16T05:24:04.000Z,3,363.96,121.32,JPY,SGD,3.28
T00144,C0084,P013,2024-01-24T09:21:15.000Z,1,114.2,114.2,JPY,SGD,1.03
T00145,C0198,P064,2024-09-29T16:14:59.000Z,2,904.84,452.42,JPY,SGD,8.14
T00146,C0155,P062,2024-07-24T07:11:44.000Z,2,748.32,374.16,USD,SGD,972.82
T00147,C0117,P099,2024-08-05T20:03:50.000Z,4,1417.16,354.29,JPY,SGD,12.75
T00148,C0002,P019,2024-02-28T07:44:21.000Z,2,770.74,385.37,USD,SGD,1001.96
T00149,C0093,P076,2024-07-13T13:50:21.000Z,4,1717.16,429.29,JPY,SGD,15.45
T00150,C0166,P080,2024-10-22T12:08:25.000Z,1,303.5,303.5,USD,SGD,394.55
T00151,C0131,P043,2024-12-19T17:58:21.000Z,2,808.8,404.4,JPY,SGD,7.28
T00152,C0144,P074,2024-04-17T01:46:23.000Z,4,1182.32,295.58,JPY,SGD,10.64
T00153,C0094,P089,2024-11-05T07:32:47.000Z,3,662.73,220.91,USD,SGD,861.55
T00154,C0040,P020,2023-12-31T06:53:54.000Z,4,1585.36,396.34,USD,SGD,2060.97
T00155,C0002,P095,2024-07-12T10:18:13.000Z,2,454.52,227.26,JPY,SGD,4.09
T00156,C0081,P068,2024-11-08T18:02:09.000Z,1,447.23,447.23,USD,SGD,581.4
T00157,C0169,P044,2024-11-09T09:07:36.000Z,2,37.64,18.82,USD,SGD,48.93
T00158,C0012,P023,2024-05-30T03:34:49.000Z,2,909.06,454.53,USD,SGD,1181.78
T00159,C0163,P002,2024-10-12T03:12:30.000Z,4,1385.2,346.3,USD,SGD,1800.76
T00160,C0065,P022,2024-07-29T06:59:14.000Z,3,412.62,137.54,USD,SGD,536.41
T00161,C0055,P057,2024-07-15T07:02:39.000Z,2,479.4,239.7,USD,SGD,623.22
T00162,C0045,P072,2024-08-26T13:10:31.000Z,3,1198.02,399.34,JPY,SGD,10.78
T00163,C0101,P007,2024-03-13T22:33:34.000Z,4,1680.6,420.15,USD,SGD,2184.78
T00164,C0062,P078,2024-07-10T08:49:17.000Z,3,123.54,41.18,JPY,SGD,1.11
T00165,C0049,P056,2024-03-18T04:33:39.000Z,4,64.32,16.08,USD,SGD,83.62
T00166,C0127,P067,2024-04-25T07:38:55.000Z,1,300.68,300.68,JPY,SGD,2.71
T00167,C0153,P016,2024-07-05T11:53:41.000Z,3,990.15,330.05,USD,SGD,1287.19
T00168,C0023,P083,2024-09-26T17:22:30.000Z,3,1367.16,455.72,JPY,SGD,12.3
T00169,C0152,P051,2024-06-09T15:20:30.000Z,1,65.16,65.16,USD,SGD,84.71
T00170,C0038,P082,2024-02-29T01:45:41.000Z,3,167.97,55.99,USD,SGD,218.36
T00171,C0028,P080,2024-09-19T03:29:48.000Z,1,303.5,303.5,JPY,SGD,2.73
T00172,C0021,P072,2024-07-14T06:50:22.000Z,2,798.68,399.34,JPY,SGD,7.19
T00173,C0182,P097,2024-05-09T17:32:28.000Z,4,1277.36,319.34,USD,SGD,1660.57
T00174,C0107,P012,2024-02-21T23:48:42.000Z,1,159.6,159.6,USD,SGD,207.48
T00175,C0146,P053,2024-12-18T18:28:33.000Z,3,824.82,274.94,USD,SGD,1072.27
T00176,C0164,P075,2024-10-20T16:20:50.000Z,1,497.76,497.76,JPY,SGD,4.48
T00177,C0099,P005,2024-06-14T08:41:48.000Z,3,1287.93,429.31,JPY,SGD,11.59
T00178,C0173,P027,2024-01-05T13:14:07.000Z,2,458.12,229.06,JPY,SGD,4.12
T00179,C0119,P012,2024-11-27T08:06:10.000Z,1,159.6,159.6,JPY,SGD,1.44
T00180,C0073,P017,2024-03-11T15:12:50.000Z,2,939.54,469.77,USD,SGD,1221.4
T00181,C0181,P006,2024-07-21T03:18:31.000Z,4,485.28,121.32,USD,SGD,630.86
T00182,C0122,P097,2024-05-08T22:24:58.000Z,3,958.02,319.34,USD,SGD,1245.43
T00183,C0030,P005,2024-08-24T01:19:18.000Z,3,1287.93,429.31,JPY,SGD,11.59
T00184,C0188,P057,2024-05-13T07:24:49.000Z,2,479.4,239.7,USD,SGD,623.22
T00185,C0108,P028,2024-03-07T03:54:06.000Z,4,942.32,235.58,JPY,SGD,8.48
T00186,C0098,P078,2024-04-02T07:44:01.000Z,1,41.18,41.18,JPY,SGD,0.37
T00187,C0032,P069,2024-02-24T09:30:35.000Z,1,100.81,100.81,JPY,SGD,0.91
T00188,C0195,P059,2024-05-21T03:08:56.000Z,3,909.6,303.2,JPY,SGD,8.19
T00189,C0195,P033,2024-04-05T04:56:24.000Z,2,128.5,64.25,USD,SGD,167.05
T00190,C0156,P062,2024-09-25T19:36:27.000Z,2,748.32,374.16,JPY,SGD,6.73
T00191,C0172,P050,2024-11-21T12:52:03.000Z,1,437.65,437.65,JPY,SGD,3.94
T00192,C0079,P019,2024-03-28T04:39:16.000Z,4,1541.48,385.37,JPY,SGD,13.87
T00193,C0041,P086,2024-06-10T11:46:13.000Z,4,1762.8,440.7,JPY,SGD,15.87
T00194,C0063,P069,2024-09-28T06:07:52.000Z,1,100.81,100.81,JPY,SGD,0.91
T00195,C0023,P066,2024-11-02T10:20:14.000Z,1,337.22,337.22,USD,SGD,438.39
T00196,C0104,P094,2024-07-11T17:39:59.000Z,2,894.68,447.34,JPY,SGD,8.05
T00197,C0075,P047,2024-02-21T11:11:20.000Z,4,637.32,159.33,JPY,SGD,5.74
T00198,C0048,P039,2024-09-17T07:53:30.000Z,1,430.59,430.59,USD,SGD,559.77
T00199,C0160,P068,2024-01-07T09:51:12.000Z,1,447.23,447.23,USD,SGD,581.4
T00200,C0057,P033,2024-03-05T04:58:09.000Z,3,192.75,64.25,USD,SGD,250.58
T00201,C0118,P013,2024-11-14T13:58:43.000Z,1,114.2,114.2,JPY,SGD,1.03
T00202,C0100,P084,2024-01-31T14:10:21.000Z,1,337.91,337.91,USD,SGD,439.28
T00203,C0124,P054,2024-03-31T16:50:02.000Z,4,229.2,57.3,JPY,SGD,2.06
T00204,C0161,P007,2024-01-31T01:11:48.000Z,2,840.3,420.15,JPY,SGD,7.56
T00205,C0152,P079,2024-04-09T09:14:53.000Z,4,1669.48,417.37,USD,SGD,2170.32
T00206,C0167,P087,2024-05-05T05:32:27.000Z,2,580.34,290.17,USD,SGD,754.44
T00207,C0034,P014,2024-06-19T02:53:27.000Z,3,78.78,26.26,JPY,SGD,0.71
T00208,C0184,P087,2024-08-14T02:02:56.000Z,1,290.17,290.17,JPY,SGD,2.61
T00209,C0156,P019,2024-09-06T12:12:21.000Z,3,1156.11,385.37,JPY,SGD,10.4
T00210,C0165,P054,2024-08-15T15:59:47.000Z,2,114.6,57.3,JPY,SGD,1.03
T00211,C0007,P093,2024-03-29T14:35:12.000Z,4,1219.76,304.94,JPY,SGD,10.98
T00212,C0196,P020,2024-12-03T12:54:48.000Z,4,1585.36,396.34,JPY,SGD,14.27
T00213,C0165,P029,2024-02-15T07:07:11.000Z,3,1300.92,433.64,JPY,SGD,11.71
T00214,C0056,P024,2024-02-18T05:49:59.000Z,2,677.32,338.66,JPY,SGD,6.1
T00215,C0065,P082,2024-03-18T06:01:51.000Z,3,167.97,55.99,USD,SGD,218.36
T00216,C0193,P063,2024-03-22T19:50:03.000Z,3,100.77,33.59,USD,SGD,131.0
T00217,C0047,P074,2024-02-28T06:05:22.000Z,1,295.58,295.58,USD,SGD,384.25
T00218,C0148,P057,2024-01-17T19:40:55.000Z,3,719.1,239.7,JPY,SGD,6.47
T00219,C0019,P008,2024-08-22T23:44:44.000Z,1,146.85,146.85,USD,SGD,190.91
T00220,C0157,P090,2024-06-21T15:09:45.000Z,1,165.3,165.3,USD,SGD,214.89
T00221,C0188,P062,2024-02-28T14:14:44.000Z,4,1496.64,374.16,JPY,SGD,13.47
T00222,C0146,P029,2024-05-24T22:54:41.000Z,1,433.64,433.64,USD,SGD,563.73
T00223,C0163,P074,2024-04-29T10:25:40.000Z,1,295.58,295.58,JPY,SGD,2.66
T00224,C0171,P017,2024-07-06T23:53:24.000Z,4,1879.08,469.77,USD,SGD,2442.8
T00225,C0126,P066,2024-06-20T04:11:50.000Z,3,1011.66,337.22,USD,SGD,1315.16
T00226,C0139,P006,2024-10-02T16:46:50.000Z,2,242.64,121.32,JPY,SGD,2.18
T00227,C0049,P058,2024-04-25T18:50:36.000Z,2,315.24,157.62,JPY,SGD,2.84
T00228,C0113,P069,2024-04-21T19:52:01.000Z,2,201.62,100.81,USD,SGD,262.11
T00229,C0038,P028,2024-06-29T11:39:11.000Z,3,706.74,235.58,JPY,SGD,6.36
T00230,C0064,P062,2024-12-06T16:22:54.000Z,1,374.16,374.16,JPY,SGD,3.37
T00231,C0069,P041,2024-08-27T19:54:49.000Z,2,912.56,456.28,USD,SGD,1186.33
T00232,C0136,P069,2024-11-10T22:04:36.000Z,3,302.43,100.81,JPY,SGD,2.72
T00233,C0162,P082,2024-02-16T11:29:31.000Z,1,55.99,55.99,JPY,SGD,0.5
T00234,C0176,P090,2024-07-07T23:53:12.000Z,4,661.2,165.3,USD,SGD,859.56
T00235,C0116,P084,2024-01-31T11:17:38.000Z,2,675.82,337.91,USD,SGD,878.57
T00236,C0184,P041,2024-02-25T14:08:11.000Z,1,456.28,456.28,USD,SGD,593.16
T00237,C0065,P049,2024-02-27T22:16:22.000Z,2,295.9,147.95,USD,SGD,384.67
T00238,C0031,P091,2024-08-11T00:11:15.000Z,2,445.9,222.95,JPY,SGD,4.01
T00239,C0132,P049,2024-12-06T19:03:54.000Z,2,295.9,147.95,USD,SGD,384.67
T00240,C0113,P076,2024-01-24T02:35:57.000Z,1,429.29,429.29,JPY,SGD,3.86
T00241,C0109,P071,2024-07-08T16:06:55.000Z,3,382.08,127.36,JPY,SGD,3.44
T00242,C0178,P003,2024-10-08T06:27:20.000Z,1,44.12,44.12,JPY,SGD,0.4
T00243,C0069,P010,2024-08-31T00:38:43.000Z,2,700.26,350.13,USD,SGD,910.34
T00244,C0158,P098,2024-01-04T14:19:41.000Z,1,299.93,299.93,USD,SGD,389.91
T00245,C0120,P089,2024-04-28T20:01:47.000Z,4,883.64,220.91,USD,SGD,1148.73
T00246,C0088,P035,2024-12-05T01:12:30.000Z,3,91.77,30.59,JPY,SGD,0.83
T00247,C0187,P080,2024-10-12T08:20:33.000Z,1,303.5,303.5,USD,SGD,394.55
T00248,C0067,P002,2024-05-03T21:36:31.000Z,4,1385.2,346.3,JPY,SGD,12.47
T00249,C0075,P024,2024-12-10T21:53:30.000Z,3,1015.98,338.66,USD,SGD,1320.77
T00250,C0045,P074,2024-07-14T11:42:29.000Z,4,1182.32,295.58,USD,SGD,1537.02
T00251,C0004,P038,2024-08-03T06:21:11.000Z,3,441.66,147.22,JPY,SGD,3.97
T00252,C0154,P022,2024-06-12T22:59:30.000Z,1,137.54,137.54,JPY,SGD,1.24
T00253,C0155,P026,2024-11-11T03:36:18.000Z,4,257.52,64.38,JPY,SGD,2.32
T00254,C0174,P043,2024-06-30T15:44:26.000Z,2,808.8,404.4,JPY,SGD,7.28
T00255,C0107,P055,2024-02-27T16:51:17.000Z,4,514.12,128.53,JPY,SGD,4.63
T00256,C0192,P039,2024-07-30T12:47:07.000Z,3,1291.77,430.59,USD,SGD,1679.3
T00257,C0051,P091,2024-08-10T00:39:50.000Z,1,222.95,222.95,JPY,SGD,2.01
T00258,C0050,P029,2024-04-25T03:49:28.000Z,3,1300.92,433.64,JPY,SGD,11.71
T00259,C0006,P020,2024-01-25T09:29:44.000Z,4,1585.36,396.34,USD,SGD,2060.97
T00260,C0059,P091,2024-03-23T08:29:57.000Z,4,891.8,222.95,JPY,SGD,8.03
T00261,C0125,P041,2024-02-20T06:00:07.000Z,2,912.56,456.28,JPY,SGD,8.21
T00262,C0143,P054,2024-01-30T22:40:57.000Z,1,57.3,57.3,USD,SGD,74.49
T00263,C0030,P020,2024-01-28T04:10:05.000Z,1,396.34,396.34,USD,SGD,515.24
T00264,C0170,P019,2024-01-12T10:17:10.000Z,4,1541.48,385.37,USD,SGD,2003.92
T00265,C0122,P084,2024-03-19T00:50:12.000Z,1,337.91,337.91,USD,SGD,439.28
T00266,C0125,P099,2024-02-27T18:25:58.000Z,2,708.58,354.29,USD,SGD,921.15
T00267,C0037,P066,2024-06-30T00:11:05.000Z,3,1011.66,337.22,JPY,SGD,9.1
T00268,C0170,P030,2024-05-20T10:53:24.000Z,1,277.86,277.86,USD,SGD,361.22
T00269,C0124,P053,2024-02-06T16:22:41.000Z,4,1099.76,274.94,JPY,SGD,9.9
T00270,C0101,P034,2024-11-07T02:48:08.000Z,3,651.15,217.05,JPY,SGD,5.86
T00271,C0035,P022,2024-04-29T19:45:24.000Z,3,412.62,137.54,JPY,SGD,3.71
T00272,C0087,P067,2024-03-26T22:55:37.000Z,2,601.36,300.68,JPY,SGD,5.41
T00273,C0134,P006,2024-04-14T11:32:12.000Z,4,485.28,121.32,USD,SGD,630.86
T00274,C0196,P079,2024-08-28T19:56:53.000Z,1,417.37,417.37,JPY,SGD,3.76
T00275,C0018,P027,2024-02-17T18:50:52.000Z,4,916.24,229.06,USD,SGD,1191.11
T00276,C0113,P010,2024-11-27T17:12:27.000Z,3,1050.39,350.13,USD,SGD,1365.51
T00277,C0029,P073,2024-10-01T17:22:05.000Z,4,107.96,26.99,JPY,SGD,0.97
T00278,C0077,P097,2024-09-26T16:10:17.000Z,1,319.34,319.34,JPY,SGD,2.87
T00279,C0059,P096,2024-09-09T19:42:23.000Z,1,307.47,307.47,USD,SGD,399.71
T00280,C0175,P048,2024-05-09T17:38:43.000Z,2,832.8,416.4,JPY,SGD,7.5
T00281,C0126,P070,2024-09-24T16:29:36.000Z,1,48.69,48.69,USD,SGD,63.3
T00282,C0145,P059,2024-11-26T07:35:05.000Z,1,303.2,303.2,JPY,SGD,2.73
T00283,C0109,P100,2024-07-16T14:50:07.000Z,4,505.36,126.34,JPY,SGD,4.55
T00284,C0022,P059,2024-01-15T07:06:38.000Z,4,1212.8,303.2,USD,SGD,1576.64
T00285,C0068,P002,2024-04-02T02:23:50.000Z,3,1038.9,346.3,USD,SGD,1350.57
T00286,C0069,P029,2024-12-09T14:58:44.000Z,2,867.28,433.64,USD,SGD,1127.46
T00287,C0165,P068,2024-12-26T06:46:12.000Z,4,1788.92,447.23,USD,SGD,2325.6
T00288,C0049,P065,2024-01-22T14:14:26.000Z,1,427.61,427.61,JPY,SGD,3.85
T00289,C0141,P083,2024-12-03T21:22:02.000Z,3,1367.16,455.72,USD,SGD,1777.31
T00290,C0162,P026,2024-01-29T11:31:41.000Z,4,257.52,64.38,JPY,SGD,2.32
T00291,C0109,P089,2024-01-27T06:14:19.000Z,2,441.82,220.91,JPY,SGD,3.98
T00292,C0086,P010,2024-12-26T02:30:22.000Z,2,700.26,350.13,JPY,SGD,6.3
T00293,C0053,P053,2024-07-11T15:32:56.000Z,3,824.82,274.94,JPY,SGD,7.42
T00294,C0123,P079,2024-08-23T23:45:25.000Z,3,1252.11,417.37,JPY,SGD,11.27
T00295,C0087,P059,2024-07-22T09:54:09.000Z,3,909.6,303.2,JPY,SGD,8.19
T00296,C0179,P022,2024-07-23T09:15:48.000Z,3,412.62,137.54,USD,SGD,536.41
T00297,C0131,P051,2024-01-18T01:32:18.000Z,3,195.48,65.16,USD,SGD,254.12
T00298,C0042,P048,2024-11-09T20:42:09.000Z,1,416.4,416.4,USD,SGD,541.32
T00299,C0098,P021,2024-08-27T22:57:39.000Z,1,335.84,335.84,USD,SGD,436.59
T00300,C0160,P022,2024-08-16T08:44:30.000Z,4,550.16,137.54,JPY,SGD,4.95
T00301,C0109,P100,2024-07-13T08:15:45.000Z,2,252.68,126.34,JPY,SGD,2.27
T00302,C0051,P098,2024-07-23T12:30:30.000Z,1,299.93,299.93,JPY,SGD,2.7
T00303,C0085,P030,2024-10-11T20:08:31.000Z,1,277.86,277.86,JPY,SGD,2.5
T00304,C0174,P025,2024-12-12T13:59:40.000Z,1,284.62,284.62,USD,SGD,370.01
T00305,C0127,P028,2024-01-18T15:08:21.000Z,4,942.32,235.58,USD,SGD,1225.02
T00306,C0021,P065,2024-06-27T23:39:15.000Z,3,1282.83,427.61,USD,SGD,1667.68
T00307,C0044,P045,2024-05-30T18:15:28.000Z,4,1927.12,481.78,USD,SGD,2505.26
T00308,C0139,P068,2024-09-29T13:03:14.000Z,2,894.46,447.23,JPY,SGD,8.05
T00309,C0103,P007,2024-08-28T05:03:00.000Z,2,840.3,420.15,USD,SGD,1092.39
T00310,C0068,P049,2024-05-18T05:03:08.000Z,2,295.9,147.95,USD,SGD,384.67
T00311,C0129,P009,2024-09-30T00:40:17.000Z,2,650.02,325.01,JPY,SGD,5.85
T00312,C0092,P036,2024-01-27T16:35:59.000Z,1,372.55,372.55,JPY,SGD,3.35
T00313,C0191,P083,2024-04-23T06:38:57.000Z,1,455.72,455.72,JPY,SGD,4.1
T00314,C0024,P001,2024-09-24T17:15:16.000Z,4,677.2,169.3,USD,SGD,880.36
T00315,C0125,P010,2024-04-03T21:46:38.000Z,3,1050.39,350.13,JPY,SGD,9.45
T00316,C0141,P036,2024-12-03T18:01:55.000Z,2,745.1,372.55,USD,SGD,968.63
T00317,C0111,P073,2024-06-19T15:07:10.000Z,4,107.96,26.99,JPY,SGD,0.97
T00318,C0098,P046,2024-01-09T16:35:54.000Z,1,366.07,366.07,JPY,SGD,3.29
T00319,C0139,P032,2024-01-17T09:48:56.000Z,1,488.63,488.63,JPY,SGD,4.4
T00320,C0179,P032,2024-04-06T16:23:53.000Z,3,1465.89,488.63,USD,SGD,1905.66
T00321,C0017,P006,2024-06-20T04:13:03.000Z,3,363.96,121.32,JPY,SGD,3.28
T00322,C0099,P048,2024-02-17T04:23:02.000Z,3,1249.2,416.4,JPY,SGD,11.24
T00323,C0082,P038,2024-09-22T07:51:55.000Z,4,588.88,147.22,JPY,SGD,5.3
T00324,C0104,P017,2024-08-11T07:01:49.000Z,1,469.77,469.77,USD,SGD,610.7
T00325,C0152,P074,2024-06-22T20:59:16.000Z,1,295.58,295.58,JPY,SGD,2.66
T00326,C0019,P027,2024-06-14T11:41:17.000Z,3,687.18,229.06,USD,SGD,893.33
T00327,C0165,P054,2024-11-27T10:42:19.000Z,2,114.6,57.3,USD,SGD,148.98
T00328,C0085,P050,2024-09-04T11:39:30.000Z,3,1312.95,437.65,JPY,SGD,11.82
T00329,C0008,P035,2024-12-17T04:05:00.000Z,4,122.36,30.59,JPY,SGD,1.1
T00330,C0028,P085,2024-05-15T10:49:01.000Z,3,1249.05,416.35,USD,SGD,1623.77
T00331,C0005,P025,2024-05-05T13:03:41.000Z,3,853.86,284.62,JPY,SGD,7.68
T00332,C0145,P028,2024-02-04T07:44:22.000Z,4,942.32,235.58,JPY,SGD,8.48
T00333,C0101,P015,2024-12-28T11:00:00.000Z,3,476.79,158.93,USD,SGD,619.83
T00334,C0164,P004,2024-02-22T14:01:23.000Z,1,95.69,95.69,USD,SGD,124.4
T00335,C0118,P093,2024-04-06T09:26:36.000Z,2,609.88,304.94,JPY,SGD,5.49
T00336,C0147,P073,2024-11-16T15:45:25.000Z,3,80.97,26.99,USD,SGD,105.26
T00337,C0064,P027,2024-01-07T16:11:55.000Z,4,916.24,229.06,JPY,SGD,8.25
T00338,C0091,P026,2024-05-28T17:40:20.000Z,2,128.76,64.38,USD,SGD,167.39
T00339,C0117,P019,2024-05-03T03:39:17.000Z,4,1541.48,385.37,JPY,SGD,13.87
T00340,C0098,P092,2024-07-02T05:35:21.000Z,2,778.4,389.2,USD,SGD,1011.92
T00341,C0011,P017,2024-12-26T03:09:48.000Z,2,939.54,469.77,USD,SGD,1221.4
T00342,C0054,P043,2024-01-24T16:03:16.000Z,3,1213.2,404.4,JPY,SGD,10.92
T00343,C0173,P041,2024-01-02T11:54:22.000Z,1,456.28,456.28,USD,SGD,593.16
T00344,C0047,P042,2024-01-17T10:01:00.000Z,3,1138.32,379.44,USD,SGD,1479.82
T00345,C0140,P050,2024-08-07T09:24:39.000Z,4,1750.6,437.65,USD,SGD,2275.78
T00346,C0149,P084,2024-04-09T16:45:10.000Z,4,1351.64,337.91,USD,SGD,1757.13
T00347,C0139,P040,2024-01-24T21:50:37.000Z,2,306.38,153.19,USD,SGD,398.29
T00348,C0005,P039,2024-03-15T04:08:59.000Z,2,861.18,430.59,JPY,SGD,7.75
T00349,C0184,P023,2024-04-18T14:56:50.000Z,1,454.53,454.53,USD,SGD,590.89
T00350,C0020,P096,2024-01-30T00:57:29.000Z,3,922.41,307.47,JPY,SGD,8.3
T00351,C0169,P052,2024-12-03T17:26:43.000Z,4,1419.24,354.81,JPY,SGD,12.77
T00352,C0046,P047,2024-09-09T04:31:40.000Z,2,318.66,159.33,JPY,SGD,2.87
T00353,C0012,P063,2024-10-22T21:55:48.000Z,1,33.59,33.59,USD,SGD,43.67
T00354,C0070,P097,2024-05-15T00:22:27.000Z,4,1277.36,319.34,JPY,SGD,11.5
T00355,C0017,P069,2024-01-12T20:20:37.000Z,2,201.62,100.81,JPY,SGD,1.81
T00356,C0115,P043,2024-12-22T17:19:08.000Z,4,1617.6,404.4,JPY,SGD,14.56
T00357,C0147,P048,2024-11-15T23:35:14.000Z,1,416.4,416.4,USD,SGD,541.32
T00358,C0154,P034,2024-04-08T20:47:01.000Z,1,217.05,217.05,JPY,SGD,1.95
T00359,C0048,P040,2024-12-04T20:50:51.000Z,4,612.76,153.19,USD,SGD,796.59
T00360,C0108,P075,2024-05-29T17:04:29.000Z,3,1493.28,497.76,USD,SGD,1941.26
T00361,C0052,P061,2024-09-01T11:18:51.000Z,4,627.84,156.96,JPY,SGD,5.65
T00362,C0096,P050,2024-01-31T07:07:22.000Z,2,875.3,437.65,JPY,SGD,7.88
T00363,C0070,P067,2024-03-21T15:10:10.000Z,3,902.04,300.68,JPY,SGD,8.12
T00364,C0183,P062,2024-06-16T08:22:06.000Z,2,748.32,374.16,JPY,SGD,6.73
T00365,C0102,P058,2024-04-09T18:48:11.000Z,4,630.48,157.62,USD,SGD,819.62
T00366,C0075,P033,2024-08-09T17:24:33.000Z,3,192.75,64.25,JPY,SGD,1.73
T00367,C0161,P075,2024-03-27T07:31:28.000Z,2,995.52,497.76,USD,SGD,1294.18
T00368,C0190,P016,2024-05-16T09:05:38.000Z,4,1320.2,330.05,JPY,SGD,11.88
T00369,C0151,P082,2024-12-24T11:40:24.000Z,4,223.96,55.99,JPY,SGD,2.02
T00370,C0143,P094,2024-07-17T08:52:39.000Z,3,1342.02,447.34,USD,SGD,1744.63
T00371,C0155,P048,2024-05-15T23:20:02.000Z,4,1665.6,416.4,JPY,SGD,14.99
T00372,C0192,P010,2024-07-22T10:55:09.000Z,1,350.13,350.13,USD,SGD,455.17
T00373,C0179,P082,2024-02-07T20:28:19.000Z,2,111.98,55.99,USD,SGD,145.57
T00374,C0181,P038,2024-12-27T17:31:24.000Z,2,294.44,147.22,USD,SGD,382.77
T00375,C0082,P019,2024-10-05T02:02:48.000Z,4,1541.48,385.37,USD,SGD,2003.92
T00376,C0092,P036,2024-10-21T04:58:32.000Z,4,1490.2,372.55,USD,SGD,1937.26
T00377,C0179,P059,2024-01-22T19:36:33.000Z,1,303.2,303.2,JPY,SGD,2.73
T00378,C0175,P063,2024-08-03T22:08:12.000Z,3,100.77,33.59,USD,SGD,131.0
T00379,C0004,P077,2024-12-23T14:13:52.000Z,4,1062.04,265.51,USD,SGD,1380.65
T00380,C0135,P046,2024-01-04T16:40:50.000Z,4,1464.28,366.07,USD,SGD,1903.56
T00381,C0109,P003,2024-08-16T19:39:33.000Z,4,176.48,44.12,JPY,SGD,1.59
T00382,C0163,P074,2024-03-01T16:19:14.000Z,4,1182.32,295.58,JPY,SGD,10.64
T00383,C0048,P065,2024-11-22T19:56:10.000Z,2,855.22,427.61,USD,SGD,1111.79
T00384,C0073,P091,2024-02-04T15:35:27.000Z,4,891.8,222.95,JPY,SGD,8.03
T00385,C0072,P008,2024-03-16T16:23:59.000Z,2,293.7,146.85,USD,SGD,381.81
T00386,C0116,P051,2024-09-03T03:40:56.000Z,4,260.64,65.16,USD,SGD,338.83
T00387,C0173,P081,2024-05-18T16:57:20.000Z,3,198.96,66.32,USD,SGD,258.65
T00388,C0081,P073,2024-04-11T01:44:41.000Z,1,26.99,26.99,JPY,SGD,0.24
T00389,C0081,P006,2024-01-20T04:23:56.000Z,3,363.96,121.32,JPY,SGD,3.28
T00390,C0113,P089,2024-02-04T07:33:04.000Z,4,883.64,220.91,JPY,SGD,7.95
T00391,C0096,P039,2024-08-02T09:54:08.000Z,4,1722.36,430.59,USD,SGD,2239.07
T00392,C0072,P060,2024-11-02T20:33:22.000Z,4,622.6,155.65,USD,SGD,809.38
T00393,C0147,P028,2024-05-28T10:52:05.000Z,3,706.74,235.58,JPY,SGD,6.36
T00394,C0063,P097,2024-03-25T13:47:30.000Z,4,1277.36,319.34,USD,SGD,1660.57
T00395,C0038,P054,2024-03-14T08:10:08.000Z,3,171.9,57.3,JPY,SGD,1.55
T00396,C0067,P037,2024-04-14T14:12:54.000Z,2,919.72,459.86,USD,SGD,1195.64
T00397,C0187,P009,2024-07-04T05:29:36.000Z,1,325.01,325.01,USD,SGD,422.51
T00398,C0069,P082,2024-03-14T17:22:52.000Z,1,55.99,55.99,JPY,SGD,0.5
T00399,C0013,P056,2024-03-28T19:16:21.000Z,3,48.24,16.08,JPY,SGD,0.43
T00400,C0175,P059,2024-04-24T00:16:33.000Z,2,606.4,303.2,USD,SGD,788.32
T00401,C0189,P085,2024-11-11T16:53:21.000Z,3,1249.05,416.35,JPY,SGD,11.24
T00402,C0031,P002,2024-11-24T17:22:38.000Z,2,692.6,346.3,USD,SGD,900.38
T00403,C0114,P061,2024-02-21T15:52:59.000Z,4,627.84,156.96,USD,SGD,816.19
T00404,C0022,P058,2024-09-17T15:12:23.000Z,2,315.24,157.62,JPY,SGD,2.84
T00405,C0093,P060,2024-08-02T21:41:32.000Z,2,311.3,155.65,USD,SGD,404.69
T00406,C0171,P040,2024-02-18T00:12:39.000Z,2,306.38,153.19,USD,SGD,398.29
T00407,C0067,P036,2024-10-17T02:10:15.000Z,1,372.55,372.55,USD,SGD,484.32
T00408,C0054,P037,2024-08-15T03:03:51.000Z,2,919.72,459.86,JPY,SGD,8.28
T00409,C0138,P079,2024-12-18T04:06:47.000Z,4,1669.48,417.37,JPY,SGD,15.03
T00410,C0042,P092,2024-10-30T12:42:57.000Z,4,1556.8,389.2,JPY,SGD,14.01
T00411,C0064,P018,2024-02-06T15:02:30.000Z,4,1747.56,436.89,USD,SGD,2271.83
T00412,C0126,P098,2024-11-08T14:50:40.000Z,2,599.86,299.93,JPY,SGD,5.4
T00413,C0021,P063,2024-01-24T18:23:07.000Z,3,100.77,33.59,JPY,SGD,0.91
T00414,C0194,P022,2024-03-31T03:46:52.000Z,3,412.62,137.54,USD,SGD,536.41
T00415,C0169,P011,2024-03-13T06:04:36.000Z,4,1044.8,261.2,USD,SGD,1358.24
T00416,C0152,P058,2024-01-13T10:46:55.000Z,1,157.62,157.62,USD,SGD,204.91
T00417,C0035,P057,2024-04-20T22:54:54.000Z,3,719.1,239.7,USD,SGD,934.83
T00418,C0184,P077,2024-01-03T02:43:36.000Z,2,531.02,265.51,JPY,SGD,4.78
T00419,C0030,P004,2024-07-12T13:34:04.000Z,3,287.07,95.69,JPY,SGD,2.58
T00420,C0057,P086,2024-07-31T21:34:31.000Z,4,1762.8,440.7,USD,SGD,2291.64
T00421,C0047,P007,2024-01-04T07:47:38.000Z,1,420.15,420.15,USD,SGD,546.19
T00422,C0163,P061,2024-05-11T07:45:26.000Z,3,470.88,156.96,JPY,SGD,4.24
T00423,C0019,P054,2024-11-08T10:22:51.000Z,3,171.9,57.3,JPY,SGD,1.55
T00424,C0114,P088,2024-09-23T04:35:24.000Z,4,1054.2,263.55,USD,SGD,1370.46
T00425,C0008,P068,2024-08-01T14:20:03.000Z,1,447.23,447.23,JPY,SGD,4.03
T00426,C0026,P092,2024-03-20T10:30:55.000Z,1,389.2,389.2,USD,SGD,505.96
T00427,C0113,P079,2024-02-05T19:46:58.000Z,4,1669.48,417.37,JPY,SGD,15.03
T00428,C0071,P001,2024-08-02T08:13:23.000Z,2,338.6,169.3,USD,SGD,440.18
T00429,C0030,P055,2024-12-15T01:23:26.000Z,3,385.59,128.53,JPY,SGD,3.47
T00430,C0135,P003,2024-05-16T03:37:41.000Z,2,88.24,44.12,USD,SGD,114.71
T00431,C0067,P078,2024-08-15T00:55:59.000Z,3,123.54,41.18,JPY,SGD,1.11
T00432,C0065,P038,2024-12-13T21:18:19.000Z,3,441.66,147.22,USD,SGD,574.16
T00433,C0036,P001,2024-05-05T05:01:18.000Z,2,338.6,169.3,USD,SGD,440.18
T00434,C0025,P038,2024-05-09T03:14:51.000Z,400,58888.0,147.22,USD,SGD,76554.4
T00435,C0037,P085,2024-05-16T16:00:40.000Z,4,1665.4,416.35,USD,SGD,2165.02
T00436,C0001,P029,2024-11-02T17:04:16.000Z,3,1300.92,433.64,USD,SGD,1691.2
T00437,C0143,P005,2024-09-11T20:41:10.000Z,4,1717.24,429.31,JPY,SGD,15.46
T00438,C0037,P074,2024-07-15T16:33:41.000Z,3,886.74,295.58,USD,SGD,1152.76
T00439,C0141,P092,2024-07-01T14:11:51.000Z,4,1556.8,389.2,JPY,SGD,14.01
T00440,C0136,P021,2024-07-24T00:20:52.000Z,3,1007.52,335.84,USD,SGD,1309.78
T00441,C0133,P071,2024-02-03T08:15:00.000Z,4,509.44,127.36,USD,SGD,662.27
T00442,C0188,P067,2024-12-26T14:40:03.000Z,1,300.68,300.68,USD,SGD,390.88
T00443,C0128,P047,2024-05-26T08:08:36.000Z,2,318.66,159.33,JPY,SGD,2.87
T00444,C0127,P084,2024-02-08T03:30:38.000Z,1,337.91,337.91,USD,SGD,439.28
T00445,C0001,P083,2024-05-07T03:11:44.000Z,2,911.44,455.72,JPY,SGD,8.2
T00446,C0164,P035,2024-02-25T03:48:50.000Z,2,61.18,30.59,JPY,SGD,0.55
T00447,C0035,P068,2024-09-30T17:00:33.000Z,3,1341.69,447.23,USD,SGD,1744.2
T00448,C0194,P069,2024-10-22T08:13:50.000Z,2,201.62,100.81,USD,SGD,262.11
T00449,C0191,P001,2024-12-12T12:17:38.000Z,1,169.3,169.3,JPY,SGD,1.52
T00450,C0104,P068,2024-08-23T02:14:14.000Z,1,447.23,447.23,JPY,SGD,4.03
T00451,C0023,P012,2024-10-04T20:44:00.000Z,4,638.4,159.6,USD,SGD,829.92
T00452,C0009,P060,2024-03-16T17:26:03.000Z,1,155.65,155.65,JPY,SGD,1.4
T00453,C0034,P027,2024-07-10T19:53:08.000Z,4,916.24,229.06,USD,SGD,1191.11
T00454,C0174,P056,2024-11-10T08:32:31.000Z,2,32.16,16.08,USD,SGD,41.81
T00455,C0128,P023,2024-01-08T16:14:35.000Z,1,454.53,454.53,USD,SGD,590.89
T00456,C0004,P025,2024-12-12T03:38:36.000Z,2,569.24,284.62,JPY,SGD,5.12
T00457,C0158,P021,2024-07-18T20:01:21.000Z,1,335.84,335.84,JPY,SGD,3.02
T00458,C0102,P061,2024-06-25T22:40:29.000Z,1,156.96,156.96,USD,SGD,204.05
T00459,C0075,P063,2024-01-17T01:36:03.000Z,4,134.36,33.59,USD,SGD,174.67
T00460,C0099,P052,2024-05-02T00:25:40.000Z,2,709.62,354.81,USD,SGD,922.51
T00461,C0072,P088,2024-09-17T03:59:29.000Z,1,263.55,263.55,JPY,SGD,2.37
T00462,C0003,P025,2024-06-03T19:17:36.000Z,3,853.86,284.62,USD,SGD,1110.02
T00463,C0142,P055,2024-05-25T22:37:50.000Z,2,257.06,128.53,USD,SGD,334.18
T00464,C0188,P046,2024-05-16T11:23:37.000Z,2,732.14,366.07,USD,SGD,951.78
T00465,C0173,P032,2024-05-24T16:11:23.000Z,2,977.26,488.63,JPY,SGD,8.8
T00466,C0034,P055,2024-10-23T16:57:26.000Z,4,514.12,128.53,JPY,SGD,4.63
T00467,C0045,P096,2024-03-16T04:08:29.000Z,3,922.41,307.47,USD,SGD,1199.13
T00468,C0061,P005,2024-02-23T05:08:16.000Z,2,858.62,429.31,USD,SGD,1116.21
T00469,C0083,P036,2024-04-14T12:03:56.000Z,1,372.55,372.55,JPY,SGD,3.35
T00470,C0123,P049,2024-11-13T17:36:31.000Z,1,147.95,147.95,USD,SGD,192.33
T00471,C0102,P058,2024-01-12T17:34:27.000Z,4,630.48,157.62,JPY,SGD,5.67
T00472,C0016,P039,2024-07-02T06:30:26.000Z,1,430.59,430.59,USD,SGD,559.77
T00473,C0066,P080,2024-03-13T04:00:25.000Z,2,607.0,303.5,USD,SGD,789.1
T00474,C0168,P097,2024-04-01T14:59:11.000Z,1,319.34,319.34,USD,SGD,415.14
T00475,C0145,P085,2024-09-28T22:39:52.000Z,2,832.7,416.35,JPY,SGD,7.49
T00476,C0119,P061,2024-02-07T04:03:23.000Z,1,156.96,156.96,USD,SGD,204.05
T00477,C0162,P009,2024-10-14T15:50:39.000Z,3,975.03,325.01,JPY,SGD,8.78
T00478,C0124,P006,2024-04-12T12:07:07.000Z,4,485.28,121.32,USD,SGD,630.86
T00479,C0144,P035,2024-04-27T20:02:17.000Z,4,122.36,30.59,JPY,SGD,1.1
T00480,C0102,P039,2024-08-02T03:34:50.000Z,3,1291.77,430.59,USD,SGD,1679.3
T00481,C0188,P022,2024-08-30T20:51:44.000Z,3,412.62,137.54,USD,SGD,536.41
T00482,C0066,P041,2024-06-04T02:02:24.000Z,4,1825.12,456.28,JPY,SGD,16.43
T00483,C0194,P005,2024-05-08T22:54:06.000Z,3,1287.93,429.31,USD,SGD,1674.31
T00484,C0013,P042,2024-02-24T20:08:07.000Z,2,758.88,379.44,USD,SGD,986.54
T00485,C0184,P087,2024-05-13T14:33:44.000Z,1,290.17,290.17,USD,SGD,377.22
T00486,C0111,P081,2024-07-03T07:27:54.000Z,4,265.28,66.32,JPY,SGD,2.39
T00487,C0159,P076,2024-07-21T04:34:35.000Z,3,1287.87,429.29,USD,SGD,1674.23
T00488,C0034,P087,2024-10-21T12:47:53.000Z,2,580.34,290.17,USD,SGD,754.44
T00489,C0039,P080,2024-02-13T16:15:35.000Z,4,1214.0,303.5,USD,SGD,1578.2
T00490,C0195,P067,2024-11-24T11:49:48.000Z,300,90204.0,300.68,JPY,SGD,811.84
T00491,C0136,P030,2024-06-07T08:52:46.000Z,4,1111.44,277.86,JPY,SGD,10.0
T00492,C0120,P057,2024-08-08T05:40:02.000Z,3,719.1,239.7,JPY,SGD,6.47
T00493,C0126,P086,2024-11-28T19:01:58.000Z,4,1762.8,440.7,JPY,SGD,15.87
T00494,C0055,P073,2024-10-01T04:39:43.000Z,2,53.98,26.99,JPY,SGD,0.49
T00495,C0027,P029,2024-04-07T16:46:45.000Z,2,867.28,433.64,JPY,SGD,7.81
T00496,C0118,P037,2024-10-24T08:30:27.000Z,1,459.86,459.86,USD,SGD,597.82
T00497,C0053,P087,2024-06-21T02:02:45.000Z,4,1160.68,290.17,JPY,SGD,10.45
T00498,C0039,P013,2024-10-27T05:26:27.000Z,1,114.2,114.2,JPY,SGD,1.03
T00499,C0065,P032,2024-07-18T02:51:22.000Z,4,1954.52,488.63,USD,SGD,2540.88
T00500,C0145,P046,2024-06-17T14:12:01.000Z,3,1098.21,366.07,USD,SGD,1427.67
T00501,C0158,P023,2024-09-04T16:19:42.000Z,3,1363.59,454.53,USD,SGD,1772.67
T00502,C0181,P045,2024-04-12T14:44:42.000Z,1,481.78,481.78,JPY,SGD,4.34
T00503,C0013,P017,2024-07-26T00:21:59.000Z,4,1879.08,469.77,USD,SGD,2442.8
T00504,C0021,P085,2024-04-05T03:20:25.000Z,1,416.35,416.35,JPY,SGD,3.75
T00505,C0147,P066,2024-07-29T19:28:48.000Z,2,674.44,337.22,JPY,SGD,6.07
T00506,C0053,P006,2024-09-18T23:31:26.000Z,1,121.32,121.32,USD,SGD,157.72
T00507,C0019,P018,2024-05-28T00:57:27.000Z,1,436.89,436.89,USD,SGD,567.96
T00508,C0057,P094,2024-12-18T11:46:16.000Z,3,1342.02,447.34,USD,SGD,1744.63
T00509,C0025,P022,2024-08-13T22:51:21.000Z,100,13754.0,137.54,USD,SGD,17880.2
T00510,C0031,P033,2024-03-06T01:55:48.000Z,4,257.0,64.25,USD,SGD,334.1
T00511,C0081,P030,2024-05-26T05:56:36.000Z,3,833.58,277.86,USD,SGD,1083.65
T00512,C0183,P081,2024-01-08T13:41:10.000Z,1,66.32,66.32,JPY,SGD,0.6
T00513,C0023,P032,2024-11-11T10:44:12.000Z,2,977.26,488.63,USD,SGD,1270.44
T00514,C0032,P042,2024-11-27T20:42:52.000Z,1,379.44,379.44,JPY,SGD,3.41
T00515,C0190,P078,2024-12-14T00:46:19.000Z,1,41.18,41.18,JPY,SGD,0.37
T00516,C0074,P010,2024-07-29T06:11:19.000Z,1,350.13,350.13,USD,SGD,455.17
T00517,C0010,P036,2024-11-16T18:14:23.000Z,3,1117.65,372.55,USD,SGD,1452.95
T00518,C0200,P034,2024-12-11T03:05:50.000Z,4,868.2,217.05,JPY,SGD,7.81
T00519,C0054,P073,2024-06-02T10:00:57.000Z,2,53.98,26.99,USD,SGD,70.17
T00520,C0052,P028,2024-04-20T08:12:59.000Z,1,235.58,235.58,USD,SGD,306.25
T00521,C0148,P011,2024-06-11T02:31:18.000Z,4,1044.8,261.2,JPY,SGD,9.4
T00522,C0160,P078,2024-03-03T09:40:08.000Z,4,164.72,41.18,USD,SGD,214.14
T00523,C0114,P039,2024-03-15T12:05:37.000Z,3,1291.77,430.59,JPY,SGD,11.63
T00524,C0014,P047,2024-01-17T18:31:55.000Z,2,318.66,159.33,USD,SGD,414.26
T00525,C0178,P019,2024-10-21T20:29:28.000Z,3,1156.11,385.37,USD,SGD,1502.94
T00526,C0156,P015,2024-01-01T16:46:56.000Z,4,635.72,158.93,USD,SGD,826.44
T00527,C0110,P028,2024-01-02T19:11:34.000Z,4,942.32,235.58,JPY,SGD,8.48
T00528,C0053,P024,2024-08-28T04:01:48.000Z,4,1354.64,338.66,JPY,SGD,12.19
T00529,C0152,P072,2024-10-21T06:20:03.000Z,3,1198.02,399.34,USD,SGD,1557.43
T00530,C0079,P009,2024-05-02T00:31:22.000Z,2,650.02,325.01,JPY,SGD,5.85
T00531,C0022,P047,2024-07-10T07:04:02.000Z,1,159.33,159.33,JPY,SGD,1.43
T00532,C0030,P033,2024-04-11T09:53:33.000Z,3,192.75,64.25,JPY,SGD,1.73
T00533,C0191,P062,2024-07-12T10:33:55.000Z,4,1496.64,374.16,JPY,SGD,13.47
T00534,C0004,P097,2024-06-25T22:10:47.000Z,3,958.02,319.34,USD,SGD,1245.43
T00535,C0059,P019,2024-03-12T21:51:40.000Z,4,1541.48,385.37,USD,SGD,2003.92
T00536,C0008,P067,2024-09-22T06:13:59.000Z,1,300.68,300.68,USD,SGD,390.88
T00537,C0012,P074,2024-12-25T08:03:34.000Z,1,295.58,295.58,USD,SGD,384.25
T00538,C0119,P040,2024-04-26T17:37:36.000Z,2,306.38,153.19,USD,SGD,398.29
T00539,C0159,P047,2024-12-13T17:21:14.000Z,4,637.32,159.33,USD,SGD,828.52
T00540,C0034,P065,2024-05-08T21:17:10.000Z,2,855.22,427.61,USD,SGD,1111.79
T00541,C0082,P029,2024-07-25T15:20:14.000Z,2,867.28,433.64,JPY,SGD,7.81
T00542,C0098,P050,2024-04-17T00:48:43.000Z,1,437.65,437.65,USD,SGD,568.94
T00543,C0127,P098,2024-09-20T08:12:56.000Z,3,899.79,299.93,JPY,SGD,8.1
T00544,C0075,P013,2024-06-13T07:28:26.000Z,3,342.6,114.2,USD,SGD,445.38
T00545,C0105,P001,2024-06-24T10:10:17.000Z,2,338.6,169.3,JPY,SGD,3.05
T00546,C0049,P034,2024-08-30T06:42:27.000Z,1,217.05,217.05,USD,SGD,282.17
T00547,C0079,P093,2024-07-30T23:32:12.000Z,4,1219.76,304.94,USD,SGD,1585.69
T00548,C0185,P048,2024-01-06T22:00:35.000Z,3,1249.2,416.4,USD,SGD,1623.96
T00549,C0093,P077,2024-09-16T02:11:37.000Z,2,531.02,265.51,USD,SGD,690.33
T00550,C0154,P048,2024-04-24T05:30:39.000Z,3,1249.2,416.4,JPY,SGD,11.24
T00551,C0018,P049,2024-02-23T13:28:08.000Z,3,443.85,147.95,JPY,SGD,3.99
T00552,C0096,P064,2024-12-11T17:46:24.000Z,4,1809.68,452.42,JPY,SGD,16.29
T00553,C0038,P061,2024-12-12T18:55:55.000Z,1,156.96,156.96,JPY,SGD,1.41
T00554,C0087,P029,2024-04-13T20:04:25.000Z,4,1734.56,433.64,USD,SGD,2254.93
T00555,C0088,P039,2024-12-15T04:43:29.000Z,1,430.59,430.59,JPY,SGD,3.88
T00556,C0050,P088,2024-11-17T17:56:48.000Z,3,790.65,263.55,JPY,SGD,7.12
T00557,C0008,P026,2024-03-11T03:22:29.000Z,2,128.76,64.38,USD,SGD,167.39
T00558,C0169,P017,2024-11-29T23:39:00.000Z,4,1879.08,469.77,JPY,SGD,16.91
T00559,C0134,P071,2024-04-28T14:16:10.000Z,1,127.36,127.36,JPY,SGD,1.15
T00560,C0069,P013,2024-05-09T09:15:59.000Z,3,342.6,114.2,JPY,SGD,3.08
T00561,C0172,P069,2024-05-14T14:21:56.000Z,1,100.81,100.81,JPY,SGD,0.91
T00562,C0121,P026,2024-07-06T11:32:13.000Z,1,64.38,64.38,JPY,SGD,0.58
T00563,C0064,P049,2024-01-16T18:52:43.000Z,1,147.95,147.95,JPY,SGD,1.33
T00564,C0157,P067,2024-12-07T17:57:40.000Z,3,902.04,300.68,JPY,SGD,8.12
T00565,C0156,P007,2024-12-15T00:35:54.000Z,2,840.3,420.15,USD,SGD,1092.39
T00566,C0139,P058,2024-07-30T11:43:57.000Z,2,315.24,157.62,USD,SGD,409.81
T00567,C0121,P049,2024-09-27T23:40:32.000Z,2,295.9,147.95,USD,SGD,384.67
T00568,C0065,P053,2024-09-18T05:00:38.000Z,1,274.94,274.94,JPY,SGD,2.47
T00569,C0107,P065,2024-10-22T12:54:23.000Z,3,1282.83,427.61,JPY,SGD,11.55
T00570,C0147,P062,2024-12-25T00:52:54.000Z,1,374.16,374.16,USD,SGD,486.41
T00571,C0137,P017,2024-02-01T15:50:43.000Z,2,939.54,469.77,USD,SGD,1221.4
T00572,C0155,P043,2024-09-21T21:57:20.000Z,2,808.8,404.4,USD,SGD,1051.44
T00573,C0162,P025,2024-11-17T04:21:44.000Z,3,853.86,284.62,USD,SGD,1110.02
T00574,C0172,P003,2024-07-23T20:01:12.000Z,1,44.12,44.12,USD,SGD,57.36
T00575,C0196,P079,2024-12-15T03:43:35.000Z,4,1669.48,417.37,JPY,SGD,15.03
T00576,C0100,P029,2024-09-04T20:49:41.000Z,4,1734.56,433.64,JPY,SGD,15.61
T00577,C0082,P032,2024-10-19T00:46:52.000Z,2,977.26,488.63,JPY,SGD,8.8
T00578,C0143,P026,2024-03-30T23:37:50.000Z,3,193.14,64.38,JPY,SGD,1.74
T00579,C0051,P016,2024-12-16T17:36:31.000Z,1,330.05,330.05,USD,SGD,429.07
T00580,C0141,P025,2024-04-09T07:28:17.000Z,1,284.62,284.62,USD,SGD,370.01
T00581,C0083,P054,2024-11-13T04:56:27.000Z,2,114.6,57.3,JPY,SGD,1.03
T00582,C0177,P028,2024-08-05T22:39:54.000Z,2,471.16,235.58,USD,SGD,612.51
T00583,C0198,P073,2024-10-04T18:31:12.000Z,1,26.99,26.99,JPY,SGD,0.24
T00584,C0112,P056,2024-06-02T17:24:55.000Z,1,16.08,16.08,USD,SGD,20.9
T00585,C0056,P065,2024-01-31T08:26:51.000Z,2,855.22,427.61,USD,SGD,1111.79
T00586,C0179,P093,2024-08-31T22:33:10.000Z,1,304.94,304.94,JPY,SGD,2.74
T00587,C0165,P086,2024-08-09T08:58:30.000Z,4,1762.8,440.7,USD,SGD,2291.64
T00588,C0145,P080,2024-04-16T21:50:49.000Z,2,607.0,303.5,JPY,SGD,5.46
T00589,C0186,P041,2024-10-23T16:42:32.000Z,1,456.28,456.28,USD,SGD,593.16
T00590,C0157,P051,2024-05-04T20:38:52.000Z,2,130.32,65.16,JPY,SGD,1.17
T00591,C0161,P071,2024-07-05T10:29:31.000Z,3,382.08,127.36,USD,SGD,496.7
T00592,C0060,P078,2024-09-03T07:19:28.000Z,2,82.36,41.18,JPY,SGD,0.74
T00593,C0120,P029,2024-04-01T07:30:59.000Z,2,867.28,433.64,USD,SGD,1127.46
T00594,C0183,P083,2024-10-29T22:39:18.000Z,3,1367.16,455.72,USD,SGD,1777.31
T00595,C0138,P019,2024-07-11T20:27:51.000Z,4,1541.48,385.37,USD,SGD,2003.92
T00596,C0175,P066,2024-09-30T11:36:49.000Z,1,337.22,337.22,USD,SGD,438.39
T00597,C0023,P041,2024-07-01T04:53:47.000Z,3,1368.84,456.28,JPY,SGD,12.32
T00598,C0149,P045,2024-05-24T09:32:01.000Z,2,963.56,481.78,JPY,SGD,8.67
T00599,C0013,P015,2024-08-15T20:46:42.000Z,1,158.93,158.93,USD,SGD,206.61
T00600,C0101,P003,2024-01-02T11:26:51.000Z,3,132.36,44.12,JPY,SGD,1.19
T00601,C0161,P011,2024-08-15T03:06:41.000Z,1,261.2,261.2,USD,SGD,339.56
T00602,C0024,P053,2024-04-26T11:26:53.000Z,1,274.94,274.94,JPY,SGD,2.47
T00603,C0108,P046,2024-05-15T16:06:03.000Z,3,1098.21,366.07,USD,SGD,1427.67
T00604,C0011,P030,2024-08-10T15:04:27.000Z,1,277.86,277.86,USD,SGD,361.22
T00605,C0017,P057,2023-12-31T03:27:43.000Z,4,958.8,239.7,JPY,SGD,8.63
T00606,C0196,P018,2024-08-06T14:37:15.000Z,3,1310.67,436.89,JPY,SGD,11.8
T00607,C0175,P051,2024-10-04T01:18:02.000Z,4,260.64,65.16,JPY,SGD,2.35
T00608,C0025,P048,2024-06-13T22:53:33.000Z,2,832.8,416.4,JPY,SGD,7.5
T00609,C0094,P066,2024-03-19T01:04:53.000Z,1,337.22,337.22,USD,SGD,438.39
T00610,C0021,P096,2024-10-12T03:25:58.000Z,2,614.94,307.47,USD,SGD,799.42
T00611,C0084,P008,2024-12-16T14:32:21.000Z,2,293.7,146.85,USD,SGD,381.81
T00612,C0140,P022,2024-10-15T18:21:07.000Z,1,137.54,137.54,JPY,SGD,1.24
T00613,C0037,P006,2024-09-30T18:17:00.000Z,3,363.96,121.32,JPY,SGD,3.28
T00614,C0042,P076,2024-04-28T14:38:55.000Z,1,429.29,429.29,JPY,SGD,3.86
T00615,C0145,P057,2024-07-14T07:45:15.000Z,2,479.4,239.7,USD,SGD,623.22
T00616,C0101,P036,2024-12-07T12:23:24.000Z,2,745.1,372.55,JPY,SGD,6.71
T00617,C0048,P079,2024-01-14T03:22:21.000Z,3,1252.11,417.37,JPY,SGD,11.27
T00618,C0103,P092,2024-03-04T04:39:40.000Z,1,389.2,389.2,USD,SGD,505.96
T00619,C0028,P057,2024-12-25T09:53:39.000Z,2,479.4,239.7,USD,SGD,623.22
T00620,C0041,P049,2024-01-05T18:43:06.000Z,4,591.8,147.95,JPY,SGD,5.33
T00621,C0099,P045,2024-04-19T05:04:38.000Z,2,963.56,481.78,USD,SGD,1252.63
T00622,C0047,P082,2024-02-22T21:46:45.000Z,2,111.98,55.99,USD,SGD,145.57
T00623,C0146,P066,2024-07-12T10:03:14.000Z,3,1011.66,337.22,JPY,SGD,9.1
T00624,C0105,P077,2024-08-03T23:04:47.000Z,4,1062.04,265.51,JPY,SGD,9.56
T00625,C0124,P045,2024-07-02T09:34:25.000Z,2,963.56,481.78,JPY,SGD,8.67
T00626,C0199,P079,2024-08-17T12:06:08.000Z,2,834.74,417.37,JPY,SGD,7.51
T00627,C0013,P020,2024-05-06T23:15:01.000Z,4,1585.36,396.34,JPY,SGD,14.27
T00628,C0141,P064,2024-08-19T00:45:26.000Z,1,452.42,452.42,USD,SGD,588.15
T00629,C0100,P093,2024-04-06T10:30:48.000Z,1,304.94,304.94,JPY,SGD,2.74
T00630,C0031,P093,2024-10-08T23:58:14.000Z,2,609.88,304.94,USD,SGD,792.84
T00631,C0130,P067,2024-05-14T23:14:59.000Z,2,601.36,300.68,JPY,SGD,5.41
T00632,C0016,P083,2024-07-11T12:42:08.000Z,1,455.72,455.72,JPY,SGD,4.1
T00633,C0137,P003,2024-03-20T23:29:34.000Z,3,132.36,44.12,JPY,SGD,1.19
T00634,C0073,P054,2024-03-20T02:37:13.000Z,4,229.2,57.3,JPY,SGD,2.06
T00635,C0166,P078,2024-07-25T02:34:05.000Z,4,164.72,41.18,USD,SGD,214.14
T00636,C0054,P064,2024-01-28T04:32:55.000Z,3,1357.26,452.42,JPY,SGD,12.22
T00637,C0184,P040,2024-09-08T08:52:51.000Z,3,459.57,153.19,JPY,SGD,4.14
T00638,C0100,P059,2024-04-27T05:29:48.000Z,3,909.6,303.2,USD,SGD,1182.48
T00639,C0109,P055,2024-03-12T03:33:00.000Z,3,385.59,128.53,USD,SGD,501.27
T00640,C0087,P062,2024-09-13T23:20:18.000Z,3,1122.48,374.16,JPY,SGD,10.1
T00641,C0173,P004,2024-01-02T15:02:39.000Z,3,287.07,95.69,USD,SGD,373.19
T00642,C0162,P060,2024-08-06T20:12:35.000Z,4,622.6,155.65,JPY,SGD,5.6
T00643,C0137,P075,2024-05-21T09:00:57.000Z,3,1493.28,497.76,USD,SGD,1941.26
T00644,C0008,P095,2024-06-13T09:13:19.000Z,1,227.26,227.26,USD,SGD,295.44
T00645,C0007,P096,2024-08-25T08:05:44.000Z,3,922.41,307.47,USD,SGD,1199.13
T00646,C0036,P091,2024-01-23T12:53:51.000Z,3,668.85,222.95,JPY,SGD,6.02
T00647,C0018,P030,2024-08-03T19:15:23.000Z,4,1111.44,277.86,USD,SGD,1444.87
T00648,C0003,P002,2024-08-24T18:54:04.000Z,4,1385.2,346.3,USD,SGD,1800.76
T00649,C0028,P062,2024-01-23T07:39:44.000Z,3,1122.48,374.16,USD,SGD,1459.22
T00650,C0070,P049,2024-10-07T14:56:13.000Z,4,591.8,147.95,JPY,SGD,5.33
T00651,C0172,P009,2024-06-12T22:33:14.000Z,2,650.02,325.01,JPY,SGD,5.85
T00652,C0149,P092,2024-04-27T01:00:06.000Z,4,1556.8,389.2,USD,SGD,2023.84
T00653,C0028,P031,2024-07-12T13:17:08.000Z,4,785.6,196.4,USD,SGD,1021.28
T00654,C0054,P098,2024-07-07T12:28:18.000Z,4,1199.72,299.93,USD,SGD,1559.64
T00655,C0182,P061,2024-04-28T02:14:05.000Z,4,627.84,156.96,USD,SGD,816.19
T00656,C0065,P079,2024-09-13T08:28:58.000Z,1,417.37,417.37,USD,SGD,542.58
T00657,C0100,P048,2024-08-04T15:35:01.000Z,1,416.4,416.4,USD,SGD,541.32
T00658,C0021,P025,2024-01-16T11:22:42.000Z,1,284.62,284.62,JPY,SGD,2.56
T00659,C0013,P036,2024-11-03T05:30:39.000Z,3,1117.65,372.55,USD,SGD,1452.95
T00660,C0057,P008,2024-09-23T16:46:01.000Z,3,440.55,146.85,USD,SGD,572.72
T00661,C0049,P073,2024-05-25T20:16:42.000Z,2,53.98,26.99,USD,SGD,70.17
T00662,C0118,P058,2024-11-08T12:43:10.000Z,1,157.62,157.62,JPY,SGD,1.42
T00663,C0054,P045,2024-04-23T11:07:18.000Z,3,1445.34,481.78,USD,SGD,1878.94
T00664,C0138,P062,2024-10-02T22:44:16.000Z,4,1496.64,374.16,JPY,SGD,13.47
T00665,C0053,P039,2024-11-01T12:16:45.000Z,4,1722.36,430.59,USD,SGD,2239.07
T00666,C0044,P096,2024-06-27T12:03:16.000Z,1,307.47,307.47,JPY,SGD,2.77
T00667,C0047,P058,2024-04-26T14:16:50.000Z,2,315.24,157.62,JPY,SGD,2.84
T00668,C0053,P081,2024-01-21T08:08:41.000Z,2,132.64,66.32,USD,SGD,172.43
T00669,C0074,P099,2024-01-03T16:57:09.000Z,4,1417.16,354.29,USD,SGD,1842.31
T00670,C0046,P083,2024-08-03T21:42:27.000Z,2,911.44,455.72,USD,SGD,1184.87
T00671,C0013,P064,2024-08-23T09:19:16.000Z,1,452.42,452.42,USD,SGD,588.15
T00672,C0165,P044,2024-07-28T00:09:49.000Z,4,75.28,18.82,USD,SGD,97.86
T00673,C0102,P029,2024-09-01T21:40:35.000Z,3,1300.92,433.64,JPY,SGD,11.71
T00674,C0024,P059,2024-04-14T01:19:59.000Z,3,909.6,303.2,USD,SGD,1182.48
T00675,C0002,P071,2024-12-03T01:41:41.000Z,2,254.72,127.36,JPY,SGD,2.29
T00676,C0081,P092,2024-09-04T02:55:21.000Z,4,1556.8,389.2,JPY,SGD,14.01
T00677,C0100,P009,2024-03-05T23:39:40.000Z,4,1300.04,325.01,JPY,SGD,11.7
T00678,C0142,P092,2024-12-24T20:00:42.000Z,3,1167.6,389.2,JPY,SGD,10.51
T00679,C0138,P006,2024-09-06T20:35:41.000Z,4,485.28,121.32,JPY,SGD,4.37
T00680,C0163,P029,2024-07-18T00:10:42.000Z,4,1734.56,433.64,USD,SGD,2254.93
T00681,C0153,P058,2024-09-05T07:22:52.000Z,4,630.48,157.62,JPY,SGD,5.67
T00682,C0131,P017,2024-04-01T10:10:17.000Z,2,939.54,469.77,JPY,SGD,8.46
T00683,C0111,P016,2024-01-27T21:34:25.000Z,4,1320.2,330.05,USD,SGD,1716.26
T00684,C0102,P087,2024-07-17T07:26:30.000Z,1,290.17,290.17,USD,SGD,377.22
T00685,C0017,P095,2024-05-11T17:59:31.000Z,2,454.52,227.26,JPY,SGD,4.09
T00686,C0012,P003,2024-05-12T12:53:40.000Z,4,176.48,44.12,USD,SGD,229.42
T00687,C0182,P021,2024-03-31T22:56:31.000Z,4,1343.36,335.84,JPY,SGD,12.09
T00688,C0116,P064,2024-05-22T04:00:43.000Z,1,452.42,452.42,USD,SGD,588.15
T00689,C0024,P090,2024-05-30T00:00:01.000Z,2,330.6,165.3,USD,SGD,429.78
T00690,C0029,P036,2024-12-26T01:49:16.000Z,3,1117.65,372.55,USD,SGD,1452.95
T00691,C0171,P086,2024-01-13T11:31:31.000Z,3,1322.1,440.7,USD,SGD,1718.73
T00692,C0153,P062,2024-06-30T22:09:50.000Z,2,748.32,374.16,USD,SGD,972.82
T00693,C0122,P042,2024-12-17T19:17:17.000Z,4,1517.76,379.44,JPY,SGD,13.66
T00694,C0188,P076,2024-06-30T08:52:10.000Z,4,1717.16,429.29,USD,SGD,2232.31
T00695,C0090,P042,2024-09-11T19:59:24.000Z,3,1138.32,379.44,USD,SGD,1479.82
T00696,C0065,P061,2024-03-05T18:21:47.000Z,3,470.88,156.96,JPY,SGD,4.24
T00697,C0084,P013,2024-10-16T06:10:29.000Z,3,342.6,114.2,USD,SGD,445.38
T00698,C0119,P011,2024-12-26T21:34:07.000Z,1,261.2,261.2,USD,SGD,339.56
T00699,C0156,P054,2024-04-21T22:39:45.000Z,3,171.9,57.3,USD,SGD,223.47
T00700,C0016,P016,2024-08-15T10:18:31.000Z,1,330.05,330.05,JPY,SGD,2.97
T00701,C0175,P008,2024-07-27T05:05:37.000Z,2,293.7,146.85,USD,SGD,381.81
T00702,C0104,P059,2024-05-20T13:15:04.000Z,4,1212.8,303.2,JPY,SGD,10.92
T00703,C0092,P057,2024-02-04T00:31:54.000Z,3,719.1,239.7,JPY,SGD,6.47
T00704,C0186,P040,2024-06-21T07:59:57.000Z,4,612.76,153.19,JPY,SGD,5.51
T00705,C0027,P059,2024-06-08T07:23:21.000Z,4,1212.8,303.2,JPY,SGD,10.92
T00706,C0181,P002,2024-07-01T00:11:31.000Z,3,1038.9,346.3,USD,SGD,1350.57
T00707,C0170,P094,2024-05-27T15:48:49.000Z,3,1342.02,447.34,USD,SGD,1744.63
T00708,C0187,P094,2024-02-12T17:27:50.000Z,2,894.68,447.34,JPY,SGD,8.05
T00709,C0175,P076,2024-09-30T05:29:31.000Z,1,429.29,429.29,USD,SGD,558.08
T00710,C0162,P010,2024-01-13T09:31:27.000Z,1,350.13,350.13,USD,SGD,455.17
T00711,C0165,P044,2024-06-11T15:51:14.000Z,4,75.28,18.82,JPY,SGD,0.68
T00712,C0134,P011,2024-09-23T06:44:40.000Z,3,783.6,261.2,USD,SGD,1018.68
T00713,C0135,P079,2024-01-22T02:25:06.000Z,2,834.74,417.37,USD,SGD,1085.16
T00714,C0153,P080,2024-09-11T11:58:00.000Z,2,607.0,303.5,USD,SGD,789.1
T00715,C0033,P081,2024-07-05T23:41:15.000Z,2,132.64,66.32,USD,SGD,172.43
T00716,C0055,P090,2024-04-02T02:03:25.000Z,2,330.6,165.3,USD,SGD,429.78
T00717,C0186,P002,2024-09-21T05:32:31.000Z,2,692.6,346.3,USD,SGD,900.38
T00718,C0007,P050,2024-02-20T09:22:52.000Z,1,437.65,437.65,USD,SGD,568.94
T00719,C0057,P012,2024-04-07T14:32:58.000Z,1,159.6,159.6,USD,SGD,207.48
T00720,C0126,P090,2024-01-08T11:31:27.000Z,1,165.3,165.3,JPY,SGD,1.49
T00721,C0012,P023,2024-12-08T09:46:41.000Z,3,1363.59,454.53,USD,SGD,1772.67
T00722,C0016,P018,2024-07-31T05:19:54.000Z,4,1747.56,436.89,JPY,SGD,15.73
T00723,C0043,P062,2024-06-12T01:39:05.000Z,2,748.32,374.16,USD,SGD,972.82
T00724,C0117,P096,2024-07-22T23:34:18.000Z,3,922.41,307.47,USD,SGD,1199.13
T00725,C0135,P062,2024-10-03T20:53:23.000Z,2,748.32,374.16,JPY,SGD,6.73
T00726,C0111,P038,2024-12-12T18:56:02.000Z,1,147.22,147.22,JPY,SGD,1.32
T00727,C0051,P067,2024-01-20T04:52:14.000Z,3,902.04,300.68,USD,SGD,1172.65
T00728,C0160,P038,2024-02-08T22:57:38.000Z,1,147.22,147.22,JPY,SGD,1.32
T00729,C0075,P067,2024-10-07T06:38:36.000Z,2,601.36,300.68,USD,SGD,781.77
T00730,C0008,P094,2024-01-22T19:40:43.000Z,2,894.68,447.34,JPY,SGD,8.05
T00731,C0200,P061,2024-07-15T20:36:28.000Z,4,627.84,156.96,USD,SGD,816.19
T00732,C0045,P001,2024-08-13T10:42:48.000Z,2,338.6,169.3,JPY,SGD,3.05
T00733,C0059,P094,2024-02-06T22:06:42.000Z,1,447.34,447.34,JPY,SGD,4.03
T00734,C0132,P045,2024-09-29T16:20:32.000Z,2,963.56,481.78,JPY,SGD,8.67
T00735,C0104,P096,2024-11-04T07:25:57.000Z,4,1229.88,307.47,JPY,SGD,11.07
T00736,C0195,P028,2024-03-05T10:46:53.000Z,4,942.32,235.58,JPY,SGD,8.48
T00737,C0157,P021,2024-05-19T06:37:56.000Z,1,335.84,335.84,USD,SGD,436.59
T00738,C0157,P013,2024-03-19T16:14:11.000Z,3,342.6,114.2,USD,SGD,445.38
T00739,C0098,P027,2024-04-26T07:31:56.000Z,2,458.12,229.06,USD,SGD,595.56
T00740,C0156,P100,2024-08-24T19:10:31.000Z,4,505.36,126.34,JPY,SGD,4.55
T00741,C0079,P007,2024-02-22T15:13:43.000Z,2,840.3,420.15,JPY,SGD,7.56
T00742,C0124,P022,2024-03-23T05:53:50.000Z,2,275.08,137.54,USD,SGD,357.6
T00743,C0172,P074,2024-01-21T13:21:23.000Z,3,886.74,295.58,JPY,SGD,7.98
T00744,C0004,P053,2024-03-11T09:25:22.000Z,4,1099.76,274.94,JPY,SGD,9.9
T00745,C0090,P079,2024-06-22T14:35:43.000Z,2,834.74,417.37,JPY,SGD,7.51
T00746,C0104,P079,2024-07-19T14:35:31.000Z,4,1669.48,417.37,JPY,SGD,15.03
T00747,C0137,P004,2024-12-23T23:09:50.000Z,1,95.69,95.69,JPY,SGD,0.86
T00748,C0119,P096,2024-10-13T16:15:16.000Z,1,307.47,307.47,JPY,SGD,2.77
T00749,C0133,P023,2024-06-20T19:04:58.000Z,2,909.06,454.53,USD,SGD,1181.78
T00750,C0056,P070,2024-12-25T21:16:21.000Z,4,194.76,48.69,JPY,SGD,1.75
T00751,C0096,P088,2024-03-11T17:07:12.000Z,2,527.1,263.55,JPY,SGD,4.74
T00752,C0178,P084,2024-04-25T22:21:27.000Z,4,1351.64,337.91,USD,SGD,1757.13
T00753,C0075,P084,2024-12-06T01:59:41.000Z,4,1351.64,337.91,USD,SGD,1757.13
T00754,C0143,P076,2024-01-30T13:30:24.000Z,3,1287.87,429.29,JPY,SGD,11.59
T00755,C0032,P033,2024-07-12T08:20:42.000Z,3,192.75,64.25,USD,SGD,250.58
T00756,C0028,P028,2024-02-15T04:29:17.000Z,3,706.74,235.58,USD,SGD,918.76
T00757,C0022,P008,2024-09-03T03:11:42.000Z,2,293.7,146.85,USD,SGD,381.81
T00758,C0017,P001,2024-05-28T14:47:15.000Z,3,507.9,169.3,JPY,SGD,4.57
T00759,C0059,P037,2024-06-04T02:15:24.000Z,3,1379.58,459.86,JPY,SGD,12.42
T00760,C0090,P063,2024-01-03T18:25:39.000Z,1,33.59,33.59,JPY,SGD,0.3
T00761,C0199,P022,2024-10-01T05:57:09.000Z,4,550.16,137.54,USD,SGD,715.21
T00762,C0106,P070,2024-11-01T09:20:07.000Z,4,194.76,48.69,JPY,SGD,1.75
T00763,C0185,P021,2024-04-14T23:09:04.000Z,3,1007.52,335.84,USD,SGD,1309.78
T00764,C0026,P096,2024-10-09T13:52:57.000Z,4,1229.88,307.47,USD,SGD,1598.84
T00765,C0025,P035,2024-01-31T19:48:04.000Z,1,30.59,30.59,JPY,SGD,0.28
T00766,C0138,P079,2024-02-02T02:54:00.000Z,1,417.37,417.37,USD,SGD,542.58
T00767,C0045,P005,2024-02-29T03:49:04.000Z,3,1287.93,429.31,USD,SGD,1674.31
T00768,C0083,P060,2024-12-17T13:01:28.000Z,1,155.65,155.65,USD,SGD,202.35
T00769,C0011,P046,2024-02-06T14:46:43.000Z,4,1464.28,366.07,USD,SGD,1903.56
T00770,C0181,P050,2024-09-16T21:24:16.000Z,2,875.3,437.65,USD,SGD,1137.89
T00771,C0200,P048,2024-09-10T09:50:48.000Z,4,1665.6,416.4,JPY,SGD,14.99
T00772,C0104,P006,2024-06-16T21:51:16.000Z,2,242.64,121.32,JPY,SGD,2.18
T00773,C0068,P089,2024-12-08T14:38:23.000Z,3,662.73,220.91,USD,SGD,861.55
T00774,C0095,P056,2024-01-07T14:19:49.000Z,2,32.16,16.08,USD,SGD,41.81
T00775,C0156,P059,2024-10-05T06:56:28.000Z,1,303.2,303.2,JPY,SGD,2.73
T00776,C0065,P029,2024-04-22T01:00:36.000Z,4,1734.56,433.64,JPY,SGD,15.61
T00777,C0049,P071,2024-01-14T04:59:39.000Z,2,254.72,127.36,USD,SGD,331.14
T00778,C0175,P077,2024-07-18T11:21:41.000Z,4,1062.04,265.51,USD,SGD,1380.65
T00779,C0052,P018,2024-08-29T18:52:57.000Z,3,1310.67,436.89,JPY,SGD,11.8
T00780,C0102,P002,2024-02-14T14:25:57.000Z,3,1038.9,346.3,USD,SGD,1350.57
T00781,C0182,P008,2024-05-06T19:24:04.000Z,1,146.85,146.85,JPY,SGD,1.32
T00782,C0188,P075,2024-08-27T05:49:59.000Z,3,1493.28,497.76,JPY,SGD,13.44
T00783,C0057,P097,2024-01-18T16:04:46.000Z,2,638.68,319.34,USD,SGD,830.28
T00784,C0047,P054,2024-08-23T09:06:06.000Z,3,171.9,57.3,USD,SGD,223.47
T00785,C0159,P038,2024-03-26T00:51:36.000Z,1,147.22,147.22,USD,SGD,191.39
T00786,C0174,P048,2024-08-07T22:11:19.000Z,4,1665.6,416.4,JPY,SGD,14.99
T00787,C0026,P027,2024-06-04T00:03:44.000Z,4,916.24,229.06,JPY,SGD,8.25
T00788,C0114,P020,2024-06-13T12:58:37.000Z,3,1189.02,396.34,JPY,SGD,10.7
T00789,C0005,P012,2024-11-04T00:30:22.000Z,2,319.2,159.6,USD,SGD,414.96
T00790,C0084,P043,2024-08-13T23:52:47.000Z,1,404.4,404.4,JPY,SGD,3.64
T00791,C0052,P061,2024-01-09T13:32:17.000Z,2,313.92,156.96,JPY,SGD,2.83
T00792,C0105,P031,2024-01-11T06:02:11.000Z,1,196.4,196.4,USD,SGD,255.32
T00793,C0054,P091,2024-10-07T17:48:28.000Z,3,668.85,222.95,JPY,SGD,6.02
T00794,C0161,P096,2024-05-20T06:17:43.000Z,1,307.47,307.47,USD,SGD,399.71
T00795,C0178,P061,2024-12-21T00:45:52.000Z,1,156.96,156.96,USD,SGD,204.05
T00796,C0166,P074,2024-08-12T05:20:19.000Z,3,886.74,295.58,JPY,SGD,7.98
T00797,C0155,P067,2024-10-04T20:42:53.000Z,2,601.36,300.68,JPY,SGD,5.41
T00798,C0015,P091,2024-09-21T01:39:03.000Z,3,668.85,222.95,JPY,SGD,6.02
T00799,C0061,P035,2024-12-10T16:00:56.000Z,1,30.59,30.59,USD,SGD,39.77
T00800,C0122,P095,2024-08-25T16:04:54.000Z,3,681.78,227.26,JPY,SGD,6.14
T00801,C0021,P015,2024-02-06T03:27:17.000Z,1,158.93,158.93,USD,SGD,206.61
T00802,C0046,P016,2024-09-25T01:45:49.000Z,3,990.15,330.05,JPY,SGD,8.91
T00803,C0197,P013,2024-01-13T04:52:09.000Z,4,456.8,114.2,JPY,SGD,4.11
T00804,C0134,P035,2024-12-10T06:40:49.000Z,4,122.36,30.59,JPY,SGD,1.1
T00805,C0038,P075,2024-02-05T18:18:43.000Z,3,1493.28,497.76,USD,SGD,1941.26
T00806,C0062,P059,2024-01-04T21:05:07.000Z,2,606.4,303.2,USD,SGD,788.32
T00807,C0086,P021,2024-10-23T17:24:22.000Z,1,335.84,335.84,USD,SGD,436.59
T00808,C0190,P054,2024-07-06T00:13:42.000Z,4,229.2,57.3,USD,SGD,297.96
T00809,C0078,P075,2024-12-09T11:44:44.000Z,2,995.52,497.76,JPY,SGD,8.96
T00810,C0046,P030,2024-01-06T13:22:36.000Z,1,277.86,277.86,JPY,SGD,2.5
T00811,C0141,P048,2024-06-03T23:59:14.000Z,4,1665.6,416.4,USD,SGD,2165.28
T00812,C0003,P035,2024-02-18T02:50:37.000Z,4,122.36,30.59,JPY,SGD,1.1
T00813,C0006,P086,2024-10-07T04:07:35.000Z,3,1322.1,440.7,JPY,SGD,11.9
T00814,C0093,P038,2024-09-08T16:26:03.000Z,1,147.22,147.22,JPY,SGD,1.32
T00815,C0008,P031,2024-03-26T20:30:49.000Z,2,392.8,196.4,JPY,SGD,3.54
T00816,C0172,P078,2024-09-25T06:56:25.000Z,2,82.36,41.18,JPY,SGD,0.74
T00817,C0108,P024,2024-10-02T22:07:40.000Z,2,677.32,338.66,JPY,SGD,6.1
T00818,C0161,P049,2024-01-01T03:54:19.000Z,1,147.95,147.95,USD,SGD,192.33
T00819,C0075,P096,2024-10-08T21:31:59.000Z,2,614.94,307.47,USD,SGD,799.42
T00820,C0077,P100,2024-03-11T10:55:51.000Z,2,252.68,126.34,USD,SGD,328.48
T00821,C0050,P032,2024-04-04T14:19:01.000Z,2,977.26,488.63,JPY,SGD,8.8
T00822,C0011,P055,2024-05-08T18:21:34.000Z,3,385.59,128.53,JPY,SGD,3.47
T00823,C0095,P079,2024-09-30T10:45:06.000Z,3,1252.11,417.37,USD,SGD,1627.74
T00824,C0156,P058,2024-05-20T12:30:20.000Z,1,157.62,157.62,JPY,SGD,1.42
T00825,C0070,P099,2024-02-08T14:20:05.000Z,1,354.29,354.29,JPY,SGD,3.19
T00826,C0169,P003,2024-07-20T11:22:47.000Z,2,88.24,44.12,JPY,SGD,0.79
T00827,C0016,P080,2024-11-10T18:24:04.000Z,3,910.5,303.5,USD,SGD,1183.65
T00828,C0068,P069,2024-06-04T21:07:05.000Z,4,403.24,100.81,JPY,SGD,3.63
T00829,C0099,P085,2024-12-23T18:22:03.000Z,4,1665.4,416.35,JPY,SGD,14.99
T00830,C0048,P010,2024-01-28T09:13:22.000Z,2,700.26,350.13,JPY,SGD,6.3
T00831,C0184,P083,2024-05-19T18:25:44.000Z,2,911.44,455.72,USD,SGD,1184.87
T00832,C0064,P025,2024-05-07T01:08:19.000Z,3,853.86,284.62,USD,SGD,1110.02
T00833,C0187,P068,2024-01-09T11:36:08.000Z,3,1341.69,447.23,JPY,SGD,12.08
T00834,C0090,P061,2024-05-16T01:56:32.000Z,3,470.88,156.96,JPY,SGD,4.24
T00835,C0190,P029,2024-12-16T09:49:40.000Z,1,433.64,433.64,USD,SGD,563.73
T00836,C0076,P019,2024-04-25T14:43:34.000Z,1,385.37,385.37,JPY,SGD,3.47
T00837,C0139,P043,2024-09-20T04:55:33.000Z,2,808.8,404.4,JPY,SGD,7.28
T00838,C0101,P066,2024-07-24T17:40:37.000Z,1,337.22,337.22,USD,SGD,438.39
T00839,C0089,P074,2024-12-03T21:30:15.000Z,3,886.74,295.58,USD,SGD,1152.76
T00840,C0018,P061,2024-03-28T17:43:38.000Z,3,470.88,156.96,JPY,SGD,4.24
T00841,C0019,P043,2024-07-01T13:07:47.000Z,1,404.4,404.4,USD,SGD,525.72
T00842,C0055,P025,2024-01-24T06:58:00.000Z,4,1138.48,284.62,JPY,SGD,10.25
T00843,C0102,P020,2024-08-08T19:49:54.000Z,2,792.68,396.34,USD,SGD,1030.48
T00844,C0118,P048,2024-12-18T04:17:20.000Z,4,1665.6,416.4,USD,SGD,2165.28
T00845,C0154,P083,2023-12-31T15:44:04.000Z,2,911.44,455.72,JPY,SGD,8.2
T00846,C0134,P087,2024-11-10T10:56:19.000Z,4,1160.68,290.17,JPY,SGD,10.45
T00847,C0004,P024,2024-10-24T16:28:30.000Z,1,338.66,338.66,JPY,SGD,3.05
T00848,C0108,P011,2024-09-25T01:50:13.000Z,2,522.4,261.2,USD,SGD,679.12
T00849,C0115,P098,2024-01-31T09:08:09.000Z,2,599.86,299.93,USD,SGD,779.82
T00850,C0029,P055,2024-03-03T06:11:38.000Z,2,257.06,128.53,JPY,SGD,2.31
T00851,C0059,P028,2024-02-13T06:45:11.000Z,3,706.74,235.58,USD,SGD,918.76
T00852,C0125,P069,2024-08-24T09:50:55.000Z,3,302.43,100.81,USD,SGD,393.16
T00853,C0098,P063,2024-12-23T18:36:04.000Z,4,134.36,33.59,JPY,SGD,1.21
T00854,C0017,P059,2024-07-14T10:29:11.000Z,1,303.2,303.2,JPY,SGD,2.73
T00855,C0107,P005,2024-08-16T19:51:40.000Z,3,1287.93,429.31,USD,SGD,1674.31
T00856,C0043,P051,2024-09-19T14:24:09.000Z,2,130.32,65.16,USD,SGD,169.42
T00857,C0080,P021,2024-03-12T15:48:24.000Z,3,1007.52,335.84,USD,SGD,1309.78
T00858,C0194,P012,2024-08-18T00:51:18.000Z,1,159.6,159.6,JPY,SGD,1.44
T00859,C0162,P050,2024-01-11T14:19:36.000Z,3,1312.95,437.65,JPY,SGD,11.82
T00860,C0008,P004,2024-08-22T03:25:32.000Z,2,191.38,95.69,JPY,SGD,1.72
T00861,C0141,P042,2024-09-26T21:52:56.000Z,4,1517.76,379.44,JPY,SGD,13.66
T00862,C0106,P084,2024-05-06T07:02:05.000Z,2,675.82,337.91,USD,SGD,878.57
T00863,C0008,P038,2024-11-08T20:46:29.000Z,1,147.22,147.22,USD,SGD,191.39
T00864,C0096,P025,2024-08-22T05:45:56.000Z,4,1138.48,284.62,JPY,SGD,10.25
T00865,C0094,P014,2024-04-28T10:46:07.000Z,3,78.78,26.26,USD,SGD,102.41
T00866,C0065,P075,2024-12-10T01:50:20.000Z,3,1493.28,497.76,JPY,SGD,13.44
T00867,C0171,P032,2024-10-23T16:23:33.000Z,3,1465.89,488.63,JPY,SGD,13.19
T00868,C0039,P011,2024-09-08T14:32:15.000Z,4,1044.8,261.2,USD,SGD,1358.24
T00869,C0081,P061,2023-12-30T15:29:12.000Z,2,313.92,156.96,USD,SGD,408.1
T00870,C0187,P018,2024-05-02T14:16:38.000Z,4,1747.56,436.89,USD,SGD,2271.83
T00871,C0084,P027,2024-03-12T11:15:01.000Z,4,916.24,229.06,JPY,SGD,8.25
T00872,C0088,P055,2024-06-02T13:27:11.000Z,1,128.53,128.53,JPY,SGD,1.16
T00873,C0086,P054,2024-08-02T11:13:00.000Z,4,229.2,57.3,JPY,SGD,2.06
T00874,C0093,P082,2024-09-12T04:48:36.000Z,3,167.97,55.99,JPY,SGD,1.51
T00875,C0086,P087,2024-09-26T23:20:59.000Z,2,580.34,290.17,USD,SGD,754.44
T00876,C0044,P075,2024-10-22T02:45:04.000Z,2,995.52,497.76,USD,SGD,1294.18
T00877,C0137,P021,2024-01-31T15:36:46.000Z,2,671.68,335.84,JPY,SGD,6.05
T00878,C0165,P044,2024-09-24T21:15:21.000Z,3,56.46,18.82,JPY,SGD,0.51
T00879,C0074,P005,2024-01-20T17:46:34.000Z,3,1287.93,429.31,JPY,SGD,11.59
T00880,C0036,P087,2024-11-02T12:20:39.000Z,3,870.51,290.17,JPY,SGD,7.83
T00881,C0101,P041,2024-08-19T04:22:17.000Z,3,1368.84,456.28,USD,SGD,1779.49
T00882,C0156,P059,2024-09-21T14:11:57.000Z,3,909.6,303.2,JPY,SGD,8.19
T00883,C0170,P089,2024-05-10T03:22:49.000Z,4,883.64,220.91,USD,SGD,1148.73
T00884,C0171,P054,2024-01-28T18:40:51.000Z,3,171.9,57.3,USD,SGD,223.47
T00885,C0170,P074,2024-09-13T07:08:30.000Z,3,886.74,295.58,JPY,SGD,7.98
T00886,C0104,P022,2024-10-28T14:36:09.000Z,3,412.62,137.54,JPY,SGD,3.71
T00887,C0066,P083,2024-08-28T20:52:33.000Z,3,1367.16,455.72,JPY,SGD,12.3
T00888,C0055,P065,2024-05-24T09:36:07.000Z,2,855.22,427.61,JPY,SGD,7.7
T00889,C0200,P064,2024-10-03T04:33:16.000Z,3,1357.26,452.42,JPY,SGD,12.22
T00890,C0176,P071,2024-02-02T14:46:36.000Z,4,509.44,127.36,USD,SGD,662.27
T00891,C0091,P004,2024-07-24T23:11:16.000Z,4,382.76,95.69,USD,SGD,497.59
T00892,C0022,P065,2024-04-06T10:33:06.000Z,4,1710.44,427.61,JPY,SGD,15.39
T00893,C0101,P015,2024-03-24T16:37:25.000Z,1,158.93,158.93,USD,SGD,206.61
T00894,C0155,P076,2024-09-12T09:37:09.000Z,2,858.58,429.29,USD,SGD,1116.15
T00895,C0121,P022,2024-05-03T18:35:03.000Z,3,412.62,137.54,JPY,SGD,3.71
T00896,C0093,P086,2024-03-26T18:01:53.000Z,1,440.7,440.7,USD,SGD,572.91
T00897,C0195,P047,2024-04-30T14:23:08.000Z,3,477.99,159.33,USD,SGD,621.39
T00898,C0108,P081,2024-07-26T21:44:47.000Z,1,66.32,66.32,JPY,SGD,0.6
T00899,C0141,P093,2024-04-30T17:03:34.000Z,1,304.94,304.94,USD,SGD,396.42
T00900,C0173,P046,2024-09-01T18:30:22.000Z,4,1464.28,366.07,JPY,SGD,13.18
T00901,C0010,P014,2024-05-12T11:53:53.000Z,4,105.04,26.26,JPY,SGD,0.95
T00902,C0009,P050,2024-10-12T04:57:16.000Z,1,437.65,437.65,JPY,SGD,3.94
T00903,C0182,P020,2024-01-29T19:25:10.000Z,4,1585.36,396.34,JPY,SGD,14.27
T00904,C0155,P050,2024-01-17T03:47:03.000Z,1,437.65,437.65,JPY,SGD,3.94
T00905,C0034,P033,2024-09-22T00:00:09.000Z,2,128.5,64.25,USD,SGD,167.05
T00906,C0129,P059,2024-10-10T12:25:03.000Z,4,1212.8,303.2,USD,SGD,1576.64
T00907,C0160,P043,2024-02-15T17:18:56.000Z,4,1617.6,404.4,USD,SGD,2102.88
T00908,C0089,P079,2024-02-12T15:27:25.000Z,4,1669.48,417.37,USD,SGD,2170.32
T00909,C0093,P012,2024-01-01T14:29:52.000Z,2,319.2,159.6,JPY,SGD,2.87
T00910,C0071,P040,2024-05-22T03:47:06.000Z,1,153.19,153.19,USD,SGD,199.15
T00911,C0067,P020,2024-06-14T21:37:11.000Z,3,1189.02,396.34,USD,SGD,1545.73
T00912,C0148,P094,2024-10-02T16:00:54.000Z,4,1789.36,447.34,JPY,SGD,16.1
T00913,C0117,P038,2024-02-08T17:57:52.000Z,1,147.22,147.22,JPY,SGD,1.32
T00914,C0094,P003,2024-03-10T12:10:40.000Z,2,88.24,44.12,USD,SGD,114.71
T00915,C0163,P028,2024-07-26T15:47:31.000Z,3,706.74,235.58,USD,SGD,918.76
T00916,C0099,P056,2024-11-10T19:32:15.000Z,4,64.32,16.08,JPY,SGD,0.58
T00917,C0113,P090,2024-01-18T09:04:29.000Z,2,330.6,165.3,JPY,SGD,2.98
T00918,C0103,P094,2024-08-20T02:24:47.000Z,2,894.68,447.34,USD,SGD,1163.08
T00919,C0091,P013,2024-03-10T12:56:52.000Z,3,342.6,114.2,JPY,SGD,3.08
T00920,C0090,P077,2024-04-26T11:22:42.000Z,1,265.51,265.51,USD,SGD,345.16
T00921,C0017,P066,2024-12-01T22:55:38.000Z,4,1348.88,337.22,USD,SGD,1753.54
T00922,C0018,P037,2024-04-05T13:05:32.000Z,4,1839.44,459.86,JPY,SGD,16.55
T00923,C0173,P049,2024-07-19T10:31:02.000Z,1,147.95,147.95,USD,SGD,192.33
T00924,C0116,P066,2024-04-02T00:16:13.000Z,1,337.22,337.22,JPY,SGD,3.03
T00925,C0093,P036,2024-04-04T03:50:45.000Z,1,372.55,372.55,JPY,SGD,3.35
T00926,C0181,P054,2024-08-16T02:29:10.000Z,3,171.9,57.3,JPY,SGD,1.55
T00927,C0091,P026,2024-04-22T18:28:54.000Z,3,193.14,64.38,JPY,SGD,1.74
T00928,C0082,P075,2024-09-06T18:39:07.000Z,4,1991.04,497.76,USD,SGD,2588.35
T00929,C0068,P072,2024-12-24T23:45:11.000Z,3,1198.02,399.34,USD,SGD,1557.43
T00930,C0193,P040,2024-05-27T09:32:58.000Z,2,306.38,153.19,JPY,SGD,2.76
T00931,C0114,P043,2024-09-04T22:08:05.000Z,4,1617.6,404.4,JPY,SGD,14.56
T00932,C0001,P022,2024-09-17T09:01:18.000Z,3,412.62,137.54,USD,SGD,536.41
T00933,C0058,P020,2024-02-01T14:24:48.000Z,1,396.34,396.34,JPY,SGD,3.57
T00934,C0154,P008,2024-09-19T14:18:33.000Z,2,293.7,146.85,USD,SGD,381.81
T00935,C0109,P029,2024-09-21T09:44:39.000Z,1,433.64,433.64,JPY,SGD,3.9
T00936,C0148,P040,2024-06-11T20:36:32.000Z,4,612.76,153.19,JPY,SGD,5.51
T00937,C0116,P090,2024-10-30T08:16:03.000Z,1,165.3,165.3,JPY,SGD,1.49
T00938,C0087,P030,2024-02-21T18:51:05.000Z,3,833.58,277.86,USD,SGD,1083.65
T00939,C0010,P081,2024-03-29T07:04:02.000Z,3,198.96,66.32,JPY,SGD,1.79
T00940,C0059,P084,2024-09-14T15:29:16.000Z,4,1351.64,337.91,JPY,SGD,12.16
T00941,C0041,P055,2024-07-20T10:39:52.000Z,1,128.53,128.53,JPY,SGD,1.16
T00942,C0105,P016,2024-06-19T06:55:10.000Z,4,1320.2,330.05,USD,SGD,1716.26
T00943,C0133,P046,2024-01-01T10:21:22.000Z,1,366.07,366.07,JPY,SGD,3.29
T00944,C0122,P062,2024-10-08T19:57:08.000Z,2,748.32,374.16,USD,SGD,972.82
T00945,C0193,P007,2024-05-22T21:58:39.000Z,3,1260.45,420.15,USD,SGD,1638.59
T00946,C0145,P080,2024-07-22T05:37:22.000Z,4,1214.0,303.5,JPY,SGD,10.93
T00947,C0022,P045,2024-08-11T12:13:35.000Z,2,963.56,481.78,JPY,SGD,8.67
T00948,C0098,P059,2024-01-20T12:30:32.000Z,2,606.4,303.2,USD,SGD,788.32
T00949,C0169,P056,2024-02-16T14:52:24.000Z,4,64.32,16.08,JPY,SGD,0.58
T00950,C0068,P048,2024-02-28T16:08:32.000Z,4,1665.6,416.4,USD,SGD,2165.28
T00951,C0197,P027,2024-12-27T18:20:31.000Z,2,458.12,229.06,JPY,SGD,4.12
T00952,C0139,P053,2024-10-06T06:02:45.000Z,1,274.94,274.94,JPY,SGD,2.47
T00953,C0056,P087,2024-03-07T21:09:48.000Z,2,580.34,290.17,JPY,SGD,5.22
T00954,C0179,P088,2024-10-10T04:15:26.000Z,4,1054.2,263.55,USD,SGD,1370.46
T00955,C0149,P073,2024-08-29T14:05:41.000Z,2,53.98,26.99,USD,SGD,70.17
T00956,C0099,P035,2024-05-28T01:25:36.000Z,1,30.59,30.59,JPY,SGD,0.28
T00957,C0076,P051,2024-02-21T04:21:27.000Z,3,195.48,65.16,JPY,SGD,1.76
T00958,C0026,P084,2024-10-07T21:52:59.000Z,3,1013.73,337.91,USD,SGD,1317.85
T00959,C0115,P037,2024-09-29T10:16:02.000Z,2,919.72,459.86,USD,SGD,1195.64
T00960,C0147,P081,2024-09-10T12:40:27.000Z,1,66.32,66.32,JPY,SGD,0.6
T00961,C0109,P095,2024-11-02T01:55:05.000Z,3,681.78,227.26,USD,SGD,886.31
T00962,C0188,P057,2024-11-29T19:49:24.000Z,2,479.4,239.7,JPY,SGD,4.31
T00963,C0199,P008,2024-10-26T00:01:58.000Z,2,293.7,146.85,JPY,SGD,2.64
T00964,C0047,P079,2024-08-05T13:12:14.000Z,1,417.37,417.37,USD,SGD,542.58
T00965,C0071,P095,2024-08-23T15:53:27.000Z,4,909.04,227.26,JPY,SGD,8.18
T00966,C0154,P094,2024-03-04T05:11:01.000Z,2,894.68,447.34,JPY,SGD,8.05
T00967,C0040,P020,2024-07-19T09:25:20.000Z,4,1585.36,396.34,JPY,SGD,14.27
T00968,C0133,P053,2024-12-05T17:47:19.000Z,4,1099.76,274.94,JPY,SGD,9.9
T00969,C0149,P012,2024-07-30T08:34:58.000Z,3,478.8,159.6,USD,SGD,622.44
T00970,C0132,P049,2024-11-17T06:14:00.000Z,4,591.8,147.95,JPY,SGD,5.33
T00971,C0023,P017,2024-06-22T21:26:26.000Z,1,469.77,469.77,USD,SGD,610.7
T00972,C0106,P064,2024-11-01T06:54:57.000Z,3,1357.26,452.42,USD,SGD,1764.44
T00973,C0084,P042,2024-07-12T22:15:21.000Z,3,1138.32,379.44,JPY,SGD,10.24
T00974,C0143,P094,2024-12-18T17:13:17.000Z,3,1342.02,447.34,USD,SGD,1744.63
T00975,C0116,P029,2024-06-16T15:47:00.000Z,2,867.28,433.64,USD,SGD,1127.46
T00976,C0109,P019,2024-08-07T01:34:06.000Z,2,770.74,385.37,JPY,SGD,6.94
T00977,C0136,P011,2024-01-16T15:56:05.000Z,4,1044.8,261.2,USD,SGD,1358.24
T00978,C0041,P098,2024-12-15T21:18:12.000Z,3,899.79,299.93,USD,SGD,1169.73
T00979,C0112,P050,2024-05-08T03:42:39.000Z,3,1312.95,437.65,JPY,SGD,11.82
T00980,C0147,P071,2024-03-30T09:01:31.000Z,1,127.36,127.36,USD,SGD,165.57
T00981,C0112,P058,2024-07-10T02:32:56.000Z,4,630.48,157.62,JPY,SGD,5.67
T00982,C0103,P034,2024-07-17T03:25:18.000Z,1,217.05,217.05,USD,SGD,282.17
T00983,C0046,P020,2024-04-30T08:50:38.000Z,4,1585.36,396.34,JPY,SGD,14.27
T00984,C0156,P050,2024-05-04T11:33:18.000Z,4,1750.6,437.65,JPY,SGD,15.76
T00985,C0068,P088,2024-07-30T21:37:27.000Z,2,527.1,263.55,USD,SGD,685.23
T00986,C0122,P010,2024-05-20T10:52:21.000Z,2,700.26,350.13,USD,SGD,910.34
T00987,C0015,P032,2024-02-10T12:35:35.000Z,1,488.63,488.63,USD,SGD,635.22
T00988,C0165,P052,2024-09-06T06:43:42.000Z,4,1419.24,354.81,USD,SGD,1845.01
T00989,C0129,P015,2024-05-28T14:48:17.000Z,3,476.79,158.93,USD,SGD,619.83
T00990,C0195,P084,2024-08-18T21:30:57.000Z,2,675.82,337.91,JPY,SGD,6.08
T00991,C0111,P003,2024-01-26T22:34:43.000Z,3,132.36,44.12,JPY,SGD,1.19
T00992,C0024,P037,2024-04-21T10:52:24.000Z,1,459.86,459.86,USD,SGD,597.82
T00993,C0027,P040,2024-03-08T09:48:14.000Z,2,306.38,153.19,JPY,SGD,2.76
T00994,C0040,P072,2024-01-06T21:49:35.000Z,2,798.68,399.34,JPY,SGD,7.19
T00995,C0191,P040,2024-06-04T06:32:15.000Z,4,612.76,153.19,USD,SGD,796.59
T00996,C0189,P056,2024-01-31T19:34:22.000Z,1,16.08,16.08,USD,SGD,20.9
T00997,C0164,P023,2024-11-01T23:04:56.000Z,4,1818.12,454.53,JPY,SGD,16.36
T00998,C0024,P011,2024-06-19T17:52:26.000Z,2,522.4,261.2,JPY,SGD,4.7
T00999,C0024,P064,2024-02-24T12:09:53.000Z,1,452.42,452.42,JPY,SGD,4.07
T01000,C0004,P008,2024-02-28T10:16:35.000Z,2,293.7,146.85,JPY,SGD,2.64
